code,name,scie,lang,grup,enerc,protcnt,choavldf,fatce,fibtg,fsugar,fasat,na
A001,"Amaranth seed, black",Amaranthus cruentus,A. Moricha guti; H. Ramdana; Kan. Danthu beeja; Kash. Mawal; Mal. Cheera vithu; M. Chengkruk Maru; Mar. Cavali biya; O. Kosala sag manji Dhala; P. Chaulali beej; Tam. Keerai vidai; Tel. Thotakoora ginjalu.,Cereals and Millets,1490,14.59,59.98,5.74,7.02,0.88,1.28,0.0027
A002,"Amaranth seed, pale brown",Amaranthus cruentus,A. Moricha guti; G. Rajagaro; H. Ramdana; Kan. Danthu beeja; Kash. Mawal; Mal. Cheera vithu; M. Chengkruk Maru; Mar. Cavali biya; O. Kosala sag maji kale; P. Chaulali beej; Tam. Keerai vidai; Tel. Thotakoora ginjalu.,Cereals and Millets,1489,13.27,61.46,5.56,7.47,0.8,1.14,0.00281
A003,Bajra,Pennisetum typhoideum,"A., Kash. Baajra; B. Bajra; E. Pearl millet; G. Bajri; H. Bajra; Kan. Sajje; Kh. Krai; Mal. Kambam; Mar. Bajra; N. Bajara; O. Bajra; P. Bajra; Tam. Kambu; Tel. Sajjalu; U. Bajra.",Cereals and Millets,1456,10.96,61.78,5.43,11.49,0.81,0.875,0.00411
A004,Barley,Hordeum vulgare,A. Barli; B. Barley; G. Jav; H. Jau; Kan. Barley; Kash. Wushke; Kh. Krai; Mal. Barley; Mar. Sath; N. Jau; O. Jaba; P. Jao; S. Yava; Tam. Baarli Arisi; Tel. Barley; U. Jau.,Cereals and Millets,1321,10.94,61.29,1.3,15.64,0.06,0.232,0.00756
A005,Jowar,Sorghum vulgare,A. Jowar; B. Jowar; E. Sorghum; G. Jowar; H. Jowar; Kan. Jolada; Kash. Pingu; Kh. Krai; Mal. irunku; Mar. Jondhahlaa; O. Janha; P. Javara; Tam. Cholam; Tel. Jonna; U. Jowar.,Cereals and Millets,1398,9.97,67.68,1.73,10.22,1.27,0.163,0.00542
A006,"Maize, dry",Zea mays,A. Makoi; B. Bhutta; E. Corn; G. Makai; H. Makka; Kan. Mekke jola; Kash. Makai; Kh. Symbai riewhadem stem; Mal. Maize; M. Chujaak; Mar. Maka; N. Sukha makai; O. Maka; P. Chhali; S. Yaavanaala; Tam. Makka Cholam; Tel. Mokkajonna; U. makai.,Cereals and Millets,1398,8.8,64.77,3.77,12.24,1.66,0.413,0.00444
A007,"Maize, tender, local",Zea mays,A. Makoi; B. Bhutta; E. Corn; G. Lili makai; H. Makka; Kan. Mekke jola; Kash. Makai; Kh. Riewhadem Stem; Mal. Maize; M. Chujaak; Mar. Maka; N. Makai; O. Maka; P. Chhali; Tam. Makka Cholam; Tel. Mokkajonna; U. Makai.,Cereals and Millets,502,3.57,22.69,1.4,3.67,1.47,0.109,0.00224
A008,"Maize, tender, sweet",Zea mays,A. Makoi; B. Bhutta; E. Corn; G. Lili makai; H. Makka; Kan. Mekke jola; Kash. Makai; Kh. Riewhadem lieh; Mal. Maize; M. Chujaak; Mar. Maka; N. Makai; O. Maka; P. Chhali; Tam. Makka Cholam; Tel. Mokkajonna; U. makai.,Cereals and Millets,405,4.16,16.42,1.35,3.3,4.67,0.123,0.00223
A009,Quinoa,Chenopodium quinoa,H. Kinwa; Tam. Seemai Thinai,Cereals and Millets,1374,13.11,53.65,5.5,14.66,1.41,0.57,0.0045
A010,Ragi,Eleusine coracana,A. Ragi; B. Ragi; E. Finger millet; G. Bavato; H. Ragi; Kan. Bhakri; Kh. Ukrai; Mal. Panjapulle; Mar. Bhakri; N. Kodo; O. Mandia; P.  Mandal; S. Madhulika; Tam. Kelvaragu; Tel. Ragi; U. Mandwa.,Cereals and Millets,1342,7.16,66.82,1.92,11.18,0.34,0.317,0.00475
A011,"Rice, flakes",Oryza sativa,"A. Chira, Chiura; B. Chide, Chira; E. Flattened rice, Beaten rice; G. Paunva; H. Poha; Kan. Avalakki; Kash. Chevri; Kh. Shira; Mal. Aval; M. Chengpaak; Mar. Pohe; O. Chudaa, Chuda; P. Chirwre; Tam. Aval; Tel. Atukulu, Attukulu.",Cereals and Millets,1480,7.44,76.75,1.14,3.46,0.34,0.284,0.00258
A012,"Rice, puffed",Oryza sativa,A. Muri; B. Muri; G. Mamra; H. Muramure; Kan. Kalle Puri; Kash. Tomul; Kh. Muri; Mal. Pori; M. Kabok Mur; Mar. Chirmure; N. Murai; O. Mudhi; P. Phulian; Tam. Pori; Tel. Maramaralu; U. Murmure.,Cereals and Millets,1514,7.47,77.68,1.62,2.56,0.64,0.04684,0.00369
A013,"Rice, raw, brown",Oryza sativa,A. Matia rangar chaul; E. Whole grain rice; G. Kathai chokha; H. Chawal; P. Bhura choul; Kash. Tomul; Kh. Khaw saw; Mal. Kuthari ; M. Cheng; Tam. Arisi; Tel. Dampudu biyyam.,Cereals and Millets,1480,9.16,74.8,1.24,4.43,0.69,0.346,0.00364
A014,"Rice, parboiled, milled",Oryza sativa,A. Ukhua chaul; B. Siddha chowl; E. Converted rice; G. Bafela Chokha; H. Usna chawal; Kan. Kusubalakki; Kash. Tomul; Kh. Khaw boil; Mal. Puzhungal ari; M. Cheng; Mar. Ukadla tandool; O. Usuna chaula; P. Biga hua chawal; Tam. Puzhungal arisi; Tel. Uppudu biyyam.,Cereals and Millets,1471,7.81,77.16,0.55,3.74,0.67,0.15,0.00316
A015,"Rice, raw, milled",Oryza sativa,A. Milat khunda chaul; B. Chowl; G. Choka; H. Chawal; Kan. Akki; Kash. Tomul; Kh. Khaw boil; M. Cheng; Mar. Tondool; O. Chaula; P. Chaul; Tam. Arisi; Tel. Biyyam.,Cereals and Millets,1491,7.94,78.24,0.52,2.81,0.69,0.184,0.00234
A016,Samai,Panicum sumatrense,B. Sama; E. Little millet; G. Kuri; H. Shavan; Kan. Sama; Kash. Ganuhaar; Mal. Chama; Mar. Sava; O. Suan; P. Swank; Tam. Samai; Tel. Sama.,Cereals and Millets,1449,10.13,65.55,3.89,7.72,0.37,0.589,0.00477
A017,Varagu,Setaria italica,A. Konidhan; B. Syama dhan; E. Kodo millet; G. Ral gana; Kan. Priyangu thene; Kash. Snol; Mal. Thina; Mar. Rala; P. Kangni; Tam. Thinai; Tel. Karralu.,Cereals and Millets,1388,8.92,66.19,2.55,6.39,1.29,0.246,0.00335
A018,"Wheat flour, refined",Triticum aestivum,A. Moida; B. Maida; G. Maido; H. Maida; Kan. Maida; Kash. Oat; Kh. Moida; Mal. Maida mavu; M. Moida; Mar. Maida; N. Maida; O. Maida; P. Maida; Tam. Maida mavu; Tel. Maida pindi; U. Maida.,Cereals and Millets,1472,10.36,74.27,0.76,2.76,1.79,0.09855,0.00154
A019,"Wheat flour, atta",Triticum aestivum,B. Ata; G. Samagra gha; H. Atta; Kan. Sampurna godhi hittu; Kash. Oat unno lota ghaun no lot; Mal. Godhambu mavu; Mar. Kaneek; O. Gahama atta; P. Atta; Tam. Mulu Godumai maavu; Tel. Sampurna godhuma pindi.,Cereals and Millets,1340,10.57,64.17,1.53,11.36,1.8,0.206,0.00204
A020,"Wheat, whole",Triticum aestivum,A. Ghehu; B. Gom; G. Ghaun; H. Gehun; Kan. Godhi; Kash. Kinek; Kh. Ukew; Mal. Godhumbu; M. Ghehu; Mar. Gehu; N. Gau; O. Gahama; P. Kanaka; S. Godhum; Tam. Godumai; Tel. Godhumalu; U. Gehun.,Cereals and Millets,1347,10.59,64.72,1.47,11.23,1.77,0.191,0.0025
A021,"Wheat, bulgur",Triticum aestivum,"A. Dalia; B. Dalia; E. Burghul, Groats, Durum Wheat, Pasta wheat, Macaroni wheat; G. Bulgur ghaum; H. Dalia; Kan. Bulgur godhi; Kash. Kinek; Kh. Kew; Mal. Godhambu Ravu; Mar. Bulgur gahu; N. Gau ko pitho; O. Dalia; P. Dalia; Tam. Godumai ravai; Tel. Bulgur; U. Dalia.",Cereals and Millets,1430,10.84,69.06,1.45,8.81,1.2,0.196,0.00209
A022,"Wheat, semolina",Triticum aestivum,"A. Suji; B. Suji; E. Durum wheat, Pasta wheat, Macaroni wheat; G. Ghaum soji; H. Gehun suji; Kan. Godhi rave; Kash. Sooj; Kh. Suji; Mal. Uppumavu; M. Suji; Mar. Gahu rava; N. Suji; O. Suji; P. Suji; Tam. Godumai ravai; Tel. Godhuma rava.",Cereals and Millets,1396,11.38,68.43,0.74,9.72,1.65,0.08887,0.00231
A023,"Wheat, vermicelli",Triticum aestivum,A. Sewai; B. Semai; E. Very thin pasta; G. Ghaun ni sev; H. Siwain; Kan. Shevige; Kash. Sewian; Kh. Sewai lieh; Mal. Semiya; Mar. Siwain; O. Simai; P. Sevian; Tam. Semiya; Tel. Semiya; U. Semiya.,Cereals and Millets,1392,9.7,70.39,0.45,9.28,1.68,0.06459,0.00271
A024,"Wheat, vermicelli, roasted",Triticum aestivum,A. Gom sewai; B. Semai; E. Very thin pasta; G. Ghaun ni Shekeli sev; H. Siwain; Kan. Shevige; Kash. Sewian; Kh. Sewai saw; Mal. Semiya; Mar. Siwain; O. Simai; P. Bhooni sevian; Tam. Semiya; Tel. Semiya; U. Semiya.,Cereals and Millets,1423,10.37,71.42,0.49,9.55,2.14,0.04995,0.00343
B001,"Bengal gram, dal",Cicer arietinum,"A. Boot dail; B. Cholar dal; E. Split Bengal gram, Chickpea; G. Chana-ni-daad; H. Chan-ki-dal; Kan. Kadale bele; Kash. Chanu dal; Kh. Dai shana; Mal. Kadala parippu; M. Chana Tangkhai; Mar. Harabara dal; N. Chana ko Dal; O. Channa dali (Buta dali); P. Sholedi dal; Tam. Kadalaiparuppu; Tel. Sanaga papu; U. Chane ki dal.",Grain Legumes,1377,21.55,46.72,5.31,15.15,1.03,0.469,0.02083
B002,"Bengal gram, whole",Cicer arietinum,"A. Boot; B. Chola; E. Chickpea; G. Chana; H. Chana, Kala chana; Kan. Kadale; Kash. Chanu; Kh. Shana kulai; Mal. Kadala; Mar. Harbara; M. Chana Mapum; N. Kabuli Chana; O. Buta; P. Shole; S. Chanak; Tam. Kondaikadalai; Tel. Sanagalu; U. Chana.",Grain Legumes,1201,18.77,39.56,5.11,25.22,0.99,0.453,0.02656
B003,"Black gram, dal",Phaseolus mungo,"A. Matir dail phola; B. Biulir dal; E. Urad bean, Mungo bean, Black matpe bean; G. Aadad ni daad; H. Urad dal; Kan. Uddhina bele; Kash. Kaha; Mal. Uzhunnu parippu; M. Sagol Hawai Tangkhai; Mar. Uddachi dal; N. Maas ko dal; O. Birri dali, Biri dali; P. Maa ki daal; S. Maassa; Tam. Ulutham paruppu; Tel. Minapa pappu; U. Mash ki dal.",Grain Legumes,1356,23.06,51,1.69,11.93,0.84,0.276,0.01888
B004,"Black gram, whole",Phaseolus mungo,"A. Gota mati mah; B. Mashkolail; E. Urad bean, Mungo bean, Black matpe bean; G. Adad; H. Chhilke wali urad dal; Kan. Uddhina bele; Kash. Kaha; Kh. Dai iong; Mal. Uzhunu; M. Sagol Hawai; Mar. Uddachi dal; O. Birri, Biri; P. Sabut maa ki daal; Tam. Ulundhu; Tel. Minumulu Mapum",Grain Legumes,1219,21.97,43.99,1.58,20.41,0.45,0.258,0.0268
B005,"Cowpea, brown",Vigna catjang,"A. Lesera mahor guti; B. Barbati; E. Black eyed peas, Lobia peas; G. Chorap; H. Lobia; Kan. Alasande; Kh. Rymbai; Mal. Vella payaru; M. Pong Hawai; Mar. Chavli; N. Bodi; O. Jhudunga; P. Lobia; S. Raajamaassa; Tam. Karamani; Tel. Bobbarlu; U. baunir.",Grain Legumes,1340,20.36,54.62,1.15,11.54,1.6,0.283,0.01368
B006,"Cowpea, white",Vigna catjang,"A. Lesera mahor guti; B. Barbati; E. Black eyed peas, Lobia peas; G. Chorap; H. Lobia; Kan. Alasande; Kh. Rymbai lieh; Mal. Vella payaru; M. Pong Hawai; Mar. Chavli; N. Bodi; O. Jhudunga; P. Lobia; S. Raajamaassa; Tam. Karamani; Tel. Bobbarlu; U. Baunir.",Grain Legumes,1340,21.25,53.77,1.14,11.7,1.18,0.285,0.01252
B007,"Field bean, black",Phaseolus vulgaris,"A. Urohi guti; B. Shim; E. Common bean, Fieldbean, Broad bean, String bean; G. Valpapdi; H. Sem; Kan. Avare; Kash. Moang; Kh. Symbai Ri iong; Mal. Avar; Mar. Papta; O. Baragudi; P. Sem dal; Tam. Mochai; Tel. Chikkudu ginjalu.",Grain Legumes,1155,19.93,43.46,0.92,23.4,1.15,0.188,0.00135
B008,"Field bean, brown",Phaseolus vulgaris,"A. Urohi guti; B. Shim; E. Common bean, Fieldbean, Broad bean, String bean; G. Valpapdi; H. Sem; Kan. Avare; Kash. Moang; Kh. Symbai ri saw; Mal. Avar; Mar. Papta; O. Baragudi; Tam. Mochai; Tel. Chikkudu ginjalu.",Grain Legumes,1184,19.9,45.24,0.98,22.4,1.17,0.198,0.00141
B009,"Field bean, white",Phaseolus vulgaris,"A. Urohi guti; B. Shim; E. Common bean, Fieldbean, Broad bean, String bean; G. Valpapdi; H. Sem; Kan. Avare; Kash. Moang; Kh. Symbai Ri lieh; Mal. Avar; Mar. Papta; O. Baragudi; Tam. Mochai; Tel. Chikkudu ginjalu.",Grain Legumes,1173,19.84,44.53,0.94,22.99,1.07,0.186,0.0017
B010,"Green gram, dal",Vigna radiata,"A. Dhua mogu dail; B. Mung dal; E. Mung bean, Maash, Moong; G. Mug ni daad; H. Mug dal; Kan. Hesara bele; Kash. Muang dal; Kh. U dai stem; Mal. Cheru payar parippu; M. Mung Hawai; Mar. Mug dal; N. Moong ko khoste; O. Muga Dali; P. Mungi-di-dal; Tam. Payatham paruppu; Tel. Pesara pappu; U. Moong dal.",Grain Legumes,1363,23.88,52.59,1.35,9.37,0.95,0.247,0.01014
B011,"Green gram, whole",Vigna radiata,"A. Gota mogu mah; B. Moog; E. Mung bean, Maash, Moong; G. Mug; H. Mung; Kan. Hesare kalu; Kash. Muang; Kh. U dai jyrngam; Mal. Cheru Pararu; M. Mung Hawai; Mar. Mun; N. Moong; O. Muga; P. Sabut moong dal; S. Mudra; Tam. Pasipayir; Tel. Pesalu; U. Moong.",Grain Legumes,1229,22.53,46.13,1.14,17.04,0.54,0.274,0.01248
B012,"Horse gram, whole",Dolicus biflorus,"B. Kulotto- kalai; E. Kulthi bean, Hurali, Madras gram; G. Kuleeth; H. Kulthi; Kan. Hurule; Kash. Kurath; Mal. Muthira; Mar. Kuleeth; N. Bakulla; O. Kolatha; S. Kulattha; Tam. Kollu; Tel. Ulavalu; U. Kulthi.",Grain Legumes,1379,21.73,57.24,0.62,7.88,0.35,0.135,0.01214
B013,"Lentil, dal",Lens culinaris,A. Masur dail; B. Mosur dal; G. Masoor ni daad; H. Masoor dal; Kan. Laki Bele; Kash. Masoor; Kh. U dai saw; Mal. Vattu parippu; M. Hawai Masuri; Mar. lank dal; O. Masura dali; P. Dhooli masari dal; S. Triputta; Tam. Khesari paruppu; Tel. Lanka pappu.,Grain Legumes,1349,24.35,52.53,0.75,10.43,1.95,0.09102,0.01027
B014,"Lentil, whole, brown",Lens culinaris,A. Gota masur mah; B. Mosur; G. Masoor (Kathai); H. Masur dal; Kan. Masur bele; Kash. Masoor; Mal. Masur parippu; M. Hawai Masuri; Mar. Masur dal; N. Musuroo; O. Masura; P. Saboot masari dal; S. Masura; Tam. Mysore paruppu; Tel. Misur pappu; U. Masur dal.,Grain Legumes,1251,22.49,48.47,0.64,16.82,1.63,0.08122,0.0112
B015,"Lentil, whole, yellowish",Lens culinaris,H. Masur dal; Tel. Misur pappu; Tam. Mysore paruppu; Kan. Masur bele; Mal. Masur parippu; Mar. Masur dal; O. Masura; B. Mosur; G. Masoor rakhoda; P. Saboot masari dal; U. Masur dal; A. Mosur (Dail); Kash. Masoor; S. Masura Musuroo; M. Hawai Masuri; Kh. U dai saw.,Grain Legumes,1246,22.87,47.91,0.61,16.66,1.5,0.07617,0.01087
B016,Moth bean,Vigna aconitifolia,"E. Mat bean, Turkish gram, Dew bean; H. Motha; Tam. Narippayir; Kan. Matki Kal; Mar. Matki; B. Kheri; G. Math; P. Bhiopnitam; P. Moth dal; Kh. Rymbai.",Grain Legumes,1291,19.75,52.09,1.76,15.12,1.36,0.434,0.02634
B017,"Peas, dry",Pisum sativum,"A. Gota motor; B. Matar; G. Sukha vatana; H. Sukhi Matar; Kan. Batani; Kash. Kaza; Kh. Shana mator; Mal. Pattani; Tam. Pattani; O. Matara; P. Sukhe hare matar dal; Kan., Tel. Batani; Kash. Kara; M. Hawai mangal.",Grain Legumes,1269,20.43,48.93,1.89,17.01,2.03,0.242,0.0234
B018,"Rajmah, black",Phaseolus vulgaris,"A. Rajmah; B. Barbati beej; E. Rajma, Razma; G. Phansi (Kadi); H. Rajmah; Kan. Thugare bele; Kash. Razma; Kh. Rajma heh; Mal. Rajmah; M. Rajmah; Mar. Shravangheveda; N. Rajma; P. Kale rajmah; S. Makussttaka; Tam. Karamani Payir; Tel. Barigalu; U. Rajma.",Grain Legumes,1247,19.01,49.59,1.62,17.74,2.02,0.238,0.0094
B019,"Rajmah, brown",Phaseolus vulgaris,"A. Rajmah; B. Barbati beej; E. Rajma, Razma; G. Phansi (Gulabi); H. Rajmah; Kan. Thugare bele; Kash. Razma; Kh. Rajma lieh; Mal. Rajmah; M. Rajmah; Mar. Shravangheveda; N. Rajma; P. Bhoore rajmah; S. Makussttaka; Tam. Karamani Payir; Tel. Barigalu; U. Rajma.",Grain Legumes,1245,19.5,48.83,1.68,16.95,2.27,0.242,0.01047
B020,"Rajmah, red",Phaseolus vulgaris,"A. Rajmah; B. Barbati beej; E. Rajma, Razma; G. Phansi (lal); H. Rajmah; Kan. Thugare bele; Kash. Razma; Kh. Rajma rit; Mal. Rajmah; M. Rajmah; Mar. Shravangheveda; N. Rajma; P. Lal rajmah; S. Makussttaka; Tam. Karamani Payir; Tel. Barigalu; U. Rajma.",Grain Legumes,1252,19.91,48.61,1.77,16.57,1.52,0.256,0.01045
B021,"Red gram, dal",Cajanus cajan,"A. Rohor dail; B., Kash., H. Arhar dal; E. Pigeon pea; G. Tuver ni daad; Kan. Thugare bele; Kash. Masur; Kh. Dai shana; Mal. Tuvaru parippu; M. Mairongbi; Mar. Turdal; N. Rahar ko dal; O. Harada dal; P. Arhar dal; S. Aaddhakii; Tel. Kandi pappu; Tam. Tuvaramparuppu; U. Tuvar ki dal.",Grain Legumes,1384,21.7,55.23,1.56,9.06,2.08,0.257,0.01801
B022,"Red gram, whole",Cajanus cajan,A. Gota rohor; E. Pigeon pea; G. Tuver; H. Arhar sabud; Kash. Masur; Kh. Rymbai ja; Mal. Tuvaru parippu; M. Mairongbi; Mar. Turdal; O. Harada; P. Arhar sabut dal; Tam. Tuvarai; Tel. Kandulu; U. Tuvar.,Grain Legumes,1146,20.47,42.48,1.38,22.84,1.3,0.277,0.01903
B023,Ricebean,Vigna umbellata,B. Galmoong; E. Ricebean; H. Meth; Kh. Rymbai ja; Mal. Kattuzhunnu; M. Chakwai ; N. Shiltong.,Grain Legumes,1265,19.97,51.26,0.74,13.37,1.33,0.172,0.01062
B024,"Soya bean, brown",Glycine max,A. Soya bean; B. Garikalai; E. Soybean; G. Soya bean; H. Bhatmas; Kan. Soya bean; Kash. Muth; Kh. Toh rymbai; Mal. Soya bean; M. Nunghawai; Mar. Soya bean; N. Bhatmas; O. Soya bean; P. Soya bean dal; Tam. Soya bean; Tel. Soya bean; U. Soya.,Grain Legumes,1596,35.58,12.79,19.82,21.55,2.51,3.092,0.00207
B025,"Soya bean, white",Glycine max Merr,A. Soya bean; B. Garikalai; E. Soybean; G. Soya bean; H. Bhatmas; Kan. Soya bean; Kash. Muth; Kh. Toh rymbai; Mal. Soya bean; M. Nunghawai; Mar. Soya bean; N. Bhatmas; O. Soya bean; P. Soya bean dal; Tel. Soya bean; Tam. Soya bean; U. Soya.,Grain Legumes,1579,37.8,10.16,19.42,22.63,2.2,3.002,0.00283
C001,Agathi leaves,Sesbania grandiflora,"A. Bok phular paat; B. Bak ful shak; E. August tree leaves, Humming bird tree leaves, spinach; G. Agathio; H. Agasthi; Kan. Agase soppu; Mal. Agathi cheera; M. Chu chu Rangmei; Mar. Agasthi ka sag; O. Agasti; Tam. Agathi keerai; Tel. Avise akulu.",Green Leafy Vegetables,295,8.01,5.21,1.35,8.6,0.23,0.49,0.01812
C002,"Amaranth leaves, green",Amaranthus gangeticus,A. Moricha sak; B. Notya Shaakh; G. Taldalja ni bhaaji; H. Chaulai; Kan. Danthu; Kash. Mawal; Mal. Cheera; M. Chengkruk; Mar. Math; N. Latte to saag; O. Neutia sag; P. Chaulai sag; S. Maarissa; Tam. Thandu keerai; Tel. Thotakoora; U. Cholai.,Green Leafy Vegetables,128,3.29,2.28,0.65,4.41,0.32,0.194,0.01608
C003,"Amaranth leaves, red",Amaranthus gangeticus,A. Moricha; B. Lal Shaakh; G. Lal tandaljo; H. Chaulai; Kan. Danthu; Kash. Mawal; Mal. Cheera; M. Chengkruk; Mar. Math; N. Latte to saag; O. Neutia sag; P. Lal chaulai sag; S. Maarissa; Tel. Thotakoora; Tam. Thandu keerai; U. Cholai.,Green Leafy Vegetables,140,3.93,2.37,0.63,4.91,0.28,0.21,0.01458
C004,"Amaranth leaves, red and green",Amaranthus gangeticus,A. Moricha; B. Notya Shaakh; G. Tandaljo; H. Chaulai; Kan. Danthu; Kash. Mawal; Mal. Cheera; M. Chengkruk; Mar. Math; N. Latte to saag; O. Neutia sag; P. Chaulai sag; S. Maarissa; Tam. Thandu keerai; Tel. Thotakoora; U. Cholai.,Green Leafy Vegetables,132,3.09,2.87,0.53,4.6,0.15,0.197,0.01755
C005,"Amaranth, spinous, leaves, green",Amaranth spinosus,A. Moricha sak; B. Kanta-notya; G. Kanta vado tandaljo; H. Kantewali-notya; Kan. Mulla danthu; Kash. Mawal; Mal. Mullancheru- cheera; M. Chengkruk; Mar. Kantemanth; O. Kanta notay shak; P. Kantewali chaulai; Tam. Mulaikeerai; Tel. Mulla thotakura.,Green Leafy Vegetables,110,3.54,1.61,0.36,5.1,0.14,0.08513,0.01566
C006,"Amaranth, spinous, leaves, red and green",Amaranth spinosus,B. Kanta-notya shaak; G. Kanta vado tandaljo; H. Kantewali-notya; Kan. Mulla danthu; Kash. Mawal; Kh. Sla longmar; Mal. Mullancheru-cheera; M. Chengkruk; Mar. Kantemanth; O. Kanta neutia sag; P. Kantewali chaulai; Tam. Mulakeerai; Tel. Mulla thotakura.,Green Leafy Vegetables,99,2.8,1.45,0.34,5.57,0.13,0.08596,0.01627
C007,Basella leaves,Basella alba,A. Puroi sak; B. Pui shaak; E. Malabar spinach; G. Poi ni bhaji; H. Palak; Kan. Basale soppu; Kh. Sla palong dkhar; Mal. Vallicheera; Mar. Mayalu; O. Poi saaga; P. Paalak; Tam. Kodippasali; Tel. Bachhali.,Green Leafy Vegetables,82,1.57,2.01,0.45,2.21,0.02,0.101,0.01874
C008,Bathua leaves,Chenopodium album.,A. Jilmil sak; B. Beto sak; G. Chilni bhaji; H. Bathua sagu; Kan. Sakothina soppu; Kash. Ushtahak; Kh. Sla jada; Mal. Parippuchira; M. Monsaobi; Mar. Chakavath; N. Bethe ko saag; O. Bathua sag; P. Bathu sag; Tel. Pappukura; Tam. Paruppukkeerai.,Green Leafy Vegetables,116,2.5,2.56,0.44,4.01,0.52,0.12,0.01075
C009,Beetroot leaves,Beta vulgaris,A. Beetar sak; E. Beet greens; G. Beet ni bhaji; H. Chukandhar sag; Kan. Beet root soppu; Kash. Chogander Munji; Kh. Sla bit; Mal. Beet root cheera; Mar. Beet root ka sag; N. Bengali Palungo ko Saag; P. Chukandhar da sag; Tam. Beet root keerai; Tel. Beet root; U. beet patta.,Green Leafy Vegetables,145,2.38,3.86,0.75,3.64,0.13,0.188,0.111
C010,"Betel leaves, big (kolkata)",Piper betle,A. paan; B. Pan; G. Nagarvelna pan; H. Pan ka patha; Kan. Kadale soppu; Kh. Tympew Dkhar; Mal. Vettiiai; M. Kwa Mana; Mar. Pan-ka-patta; O. Pana; P.  Pan-da-patta; Tam. Vetrilai; Tel. Thamala paku; U. Paan ka patta.,Green Leafy Vegetables,202,2.51,7.37,0.75,2.12,0.37,0.25,0.0168
C011,"Betel leaves, small",Piper betle,A. Paan; B. Pan; G. Nagarvelna pan; H. Pan ka patha; Kan. Kadale soppu; Kh. Tympew; Mal. Vettiiai; M. Kwa Mana; Mar. Pan-ka-patta; O. Pana; P. Pan-da-patta; Tel. Thamala paku; Tam. Vetrilai; U. Paan ka patta.,Green Leafy Vegetables,183,2.62,6.16,0.75,1.97,0.4,0.238,0.01404
C012,Brussels sprouts,Brassica oleracea var. gemmifera,B. Biliti Bandhakopi; G. Nani kobi; H. Choote gobi; Kan. Mara kosu; Kash. Haakh; Mal. Kalakose; Mar. Chotee gobi; O. Chota bandha; P. Chooti band gobi; Tam. Kalaikose; Tel. Chinna cabbage; U. Choti bund gobh.,Green Leafy Vegetables,185,4.26,5.09,0.5,4.29,0.17,0.226,0.01851
C013,"Cabbage, Chinese",Brassica rupa,A. China lai; G. Chinese kobi; Kash. Bandh; Kh. Salat chaina.,Green Leafy Vegetables,75,1.58,2.36,0.13,2.01,0.42,0.03301,0.02028
C014,"Cabbage, collard greens",Brassica oleracea var. Viridis,G. Kobi na pan; Kash. Bandh; Kh. Sla kubi; Tam. Seemai parattai keerai.,Green Leafy Vegetables,126,3.63,2.79,0.27,2.98,0.76,0.06187,0.02298
C015,"Cabbage, green",Brassica oleracea var. capitata f. alba,A. Bondhakobi; B. Badha kopi; G. Lili kobi; H. Bandh gobi; Kan. Kosu; Kash. Bandh gobi; Kh. Kubi; Mal. Muttu gose; M. Kobi Mana; Mar. Kobi; N. Banda kovi; O. Bandha kobi; P. Patta gobhi; S. Shaakaprabhedah; Tel. Gos koora; Tam. Muttaikose; U. Gobhi.,Green Leafy Vegetables,90,1.36,3.25,0.12,2.76,1,0.04654,0.01498
C016,"Cabbage, violet",Brassica oleracea var. capitata f. rubra,"A. Bondhakobi; B. Badha kopi; E. Red cabbage, Purple cabbage, Red Kraut, Blur kraut; G. Lal kobi; H. Bandh gobi; Kan. Kosu; Kash. Bandh gobi; Kh. Kubi saw; Mal. Muttu gose; Mar. Kobi; N. Banda kovi; O. Bandha kopee; P. Patta gobhi; S. Shaakaprabhedah; Tam. Muttaikose; Tel. Gos koora; U. Gobhi.",Green Leafy Vegetables,97,1.39,3.54,0.21,2.21,0.8,0.05842,0.024
C017,Cauliflower leaves,Brassica oleracea var. botrytis,A. Phul kobir pat; B. Phul gopi pata; G. Fulawar na pan; H. Phul gobi patta; Kan. Hukosu; Kash. Phoolgobi panwathir; Kh. Sla phul; Mal. Cauliflower; M. Kobithamchetmai mana; Mar. Phul gobi; N. Kauli; O. Phula Kobi patra; P. Phool gobi di patte; S. Gojihvaa; Tam. Pookosu keerai; Tel. Go puvvu; U. Phul gobi.,Green Leafy Vegetables,148,3.9,3.39,0.42,3.43,0.61,0.115,0.02431
C018,"Colocasia leaves, green",Colocasia antiquorum,A. Kasu sak; B. Kochu pata; G. Advi na pan; H. Arvi ka sag; Kan. Shamangadda yele; Kh. Sla wang; Mal. Chembu ilagal; M. Paan mana; Mar. Alu pan; N. Karkalo; O. Saru saga; P. Arbi-di-patte; Tam. Seppam ilaigal; Tel. Chama akulu; U. Arvi ka patta.,Green Leafy Vegetables,182,3.42,3.69,1.38,5.6,0.63,0.426,0.01208
C019,Drumstick leaves,Moringa oleifera,"A. Sajina paat; B. Sajna pata; E. Horseradish leaves, Benzoil leaves; G. Saragwa na pan; H. Saijan patta; Kan. Nuggeyele; Mal. Muringa ela; M. Sajana mana; Mar. Shevaga pan; O. Sajna sag; P. Soanjhna da patta; Tam. Murungai keerai; Tel. Mulaga akulu; U. Sujineki palli.",Green Leafy Vegetables,282,6.41,5.62,1.64,8.21,0.02,0.56,0.00934
C020,Fenugreek leaves,Trigonella foenum-graecum,A. Methi paat; B. Methi shak; G. Methi pandada; H. Methi sag; Kan. Menthya soppu; Kash. Kasori Methi; Kh. Sla methi; Mal. Uluva ila; M. Methi man; Mar. Methi sag; N. Methi pata; O. Methi sag; P. Methi di patte; Tel. Menthikoora; Tam. Vendhaiya keerai; U. Methi.,Green Leafy Vegetables,144,3.68,2.17,0.83,4.9,0.88,0.199,0.04701
C021,Garden cress,Lepidium sativum,A. Bor manimuni; B. Halim sag; G. Asadio na pan; H. Halim ka patta; Kan. Allibija soppu; Kash. Halyun; Kh. Khliang syiar; Mal. Alivirai cheera; Mar. Ahiva ka patta; N. Chamsoor ko Saag; O. Kakharu Saga; P. Halim-da-sag; Tam. Alivirai keerai; Tel. Adityala akulu.,Green Leafy Vegetables,208,5.62,4.48,0.8,2.6,0.92,0.02868,0.02535
C022,"Gogu leaves, green stem",Hibiscus cannabinus,A. Tengamora; B. Mestapat; E. Roselle Leaves; G. Ambadi; H. Pitwa; Kan. Pundi; Kh. Sla jajew jyrngam; Mal. Pulichai cheera; M. Sougri mana; Mar. Ambadi; O. Nalite saga; P. Pitwa sag; Tam. Pulichchai keerai; Tel. Gongura; U. Ambada ki bhaji.,Green Leafy Vegetables,152,1.86,4.06,1.09,4.59,0.01,0.245,0.01234
C023,"Gogu leaves, red stem",Hibiscus cannabinus,A. Tengamora; B. Mestapat; E. Roselle Leaves; G. Ambadi; H. Pitwa; Kan. Pundi; Kh. Sla jajew saw; Mal. Pulichai cheera; M. Sougri mana; Mar. Ambadi; O. Nalite saga; P. Pitwa sag; Tam. Pulichchai keerai; Tel. Gongura; U. Ambada ki bhaji.,Green Leafy Vegetables,153,1.85,4.24,1.07,3.89,0.01,0.243,0.01408
C024,"Knol-Khol, leaves",Brassica oleracea,"A. Ool kobi; B. Olkopi sag; E. Knol Knol, Kohlrabi, Wild cabbage greens; G. Gath kobi na pan; H. Ganth gobi ka sag; Kan. Gedde kosu; Kash. Hakh Monji; Kh. Phan Kubi; Mal. Knol-khol cheera; M. Kobi Maru Kabi; Mar. Nol khol ka patta; N. Salgam ko saag; O. Ulgobi saga; P. Ganth gobi sag; Tam. Knol-Khol keerai; Tel. Knol-khol akulu.",Green Leafy Vegetables,178,3.12,6.16,0.35,2.76,0.1,0.107,0.0268
C025,Lettuce,Lactuca sativa,A. Salad paat; G. Lettuce na pan; H. Salad ka patta; Kan. Lettuce soppu; Kash. Hakh; Kh. Salat dkhar; Mal. Lettuce cheera; Mar. Lettuce ka patta; N. Saalad ko paat; P. Salada sag; Tam. Ilaikosu; Tel. Kavu akulu; U. Kismisaag.,Green Leafy Vegetables,91,1.54,3.01,0.27,1.79,0.22,0.116,0.01753
C026,Mustard leaves,Brassica juncea,A. Horiyo paat; B. Sorisa sag; E. Mustard greens; G. Sarasava pandada; H. Sarson ka sag; Kan. Sasuve yele; Kash. Hakh; Kh. Tyrso; Mal. Kadugu ila; M. Hangaam; Mar. Mochari-chi pan; N. Raayo ko Saag; O. Sarson ka saga; P. Saro da sag; Tam. Kadugu ilai; Tel. Ava akulu; U. Sarson ki patta.,Green Leafy Vegetables,127,3.52,2.41,0.51,3.92,0.04,0.142,0.01914
C027,Pak Choi leaves,Brassica rapa var. chinensis,"E. Bok choy, Horse`s ear, Chinese celery cabbage, White mustard cabbage; G. Pak choi na pan.",Green Leafy Vegetables,67,1.41,1.78,0.25,1.91,0.52,0.03898,0.03373
C028,Parsley,Petroselinum crispum,A. Sugandhi lota; E. Garden parsley; G. Leela dhana; Mal. Seema malli; Mar. Kothimbir/dhane; Tam. Verkosu; Kan. Auchumooda; U. Ajmod; P. Parsley.,Green Leafy Vegetables,305,5.55,9.43,1.14,3.87,0.69,0.345,0.05308
C029,Ponnaganni,Alternanthera sessilis,A. Matikaduri; B. Khanchari;G. Saranthi na pan; H. Saranthi sag; Kan. Honagone soppu; Mal. Ponnaganni cheera; M. Phakchet; Mar. Saranthi sag; O. Madarangh; Tam. Ponnaganni keerai; Tel. Ponnaganti koora; U. Kunte ki bhaji.,Green Leafy Vegetables,213,5.29,5.17,0.71,6.74,0.44,0.204,0.03936
C030,"Pumpkin leaves, tender",Cucurbit maxima,A. Rongalao paat; B. Kumra shak; G. Kolam na pan; H. Kumhra sag; Kan. Kumbale soppu; Kash. Aal kaniji; Kh. Sla pathaw; Mal. Manthan elakai; M. Mairen mana; Mar. Bhopla chipan; O. Khakaru saga; P. Petha de pate; Tel. Gummadi akulu; Tam. Parangi ilai; U. Kaddu ka patta.,Green Leafy Vegetables,185,4.21,4.75,0.74,2.25,0.1,0.267,0.0122
C031,Radish leaves,Raphanus sativus,A. Dherua; B. Mulo shak; G. Muda na pan; H. Muli ka sag; Kan. Mullangi soppu; Kash. Mooji Hakh; Kh. Sla muli; Mal. Mullangi ilaigal; M. Hangham mula; Mar. Mula ka sag; N. Moolaa ko saag; O. Mula ka sag; P. Muli di patte; Tel. Mullangi akulu; Tam. Mullangi ilai; U. Muli ka patta..,Green Leafy Vegetables,109,2.22,2.77,0.51,1.82,0.29,0.147,0.01739
C032,Rumex leaves,Rumex patientia,A. Suka sak; B. Bun palung; G. Ambada (sorrel); Kan. Chukki soppu; Mar. Amlavetasa; S. Amlavetasa; U. Tukhm hummaz.,Green Leafy Vegetables,82,1.62,2.33,0.33,1.27,0.45,0.06092,0.01995
C033,Spinach,Spinacia oleracea,A. Paleng; B. Palong shak; G. Palak ni bhaji; H. Palak; Kan. Spinak soppu; Kash. Palak; Kh. Palong heh; Mal. Basala cheera; M. Palak; Mar. Palak; N. Paalungo ko Saag; O. Palang sag; P. Palak; S. Paalakya; Tam. Pasalai keerai; Tel. Palakoora; U. Palak.,Green Leafy Vegetables,102,2.14,2.05,0.64,2.38,0.24,0.183,0.04255
C034,"Tamarind leaves, tender",Tamaridus indica,"B. Tetul pata; G. Amli na pan; H., P. Imli patte; K. Hunise chiguru; Mal., Tam. Puliam ilaigal; Mar. Chinchecha pala; O. Tentuli; Tel. Chinta chiguru; A. Teteli paat; M. Mange Mana; Kh. Sla sohkyntoi.",Green Leafy Vegetables,299,5.84,10.04,0.49,10.7,0.17,0.176,0.01343
D001,Ash gourd,Benincasa hispida,"A. Kumura; B. Chalkumra; E. Wax gourd, White gourd, Winter gourd, Tallow gourd, Ash pumpkin, Winter melon, Chinese preserving melon; G. Bhuru kodu; H. Petha; Kan. Budagumbala; Kash. Aal; Kh. Pathaw iiwbih; Mal. Kumbalanga; M. Torbot; Mar. Kohala; N. Kubhindo; O. Panikakharu; P. Petha; Tam. Venpoosani; Tel. Boodida gummadi; U. Peta.",Other Vegetables,73,0.79,2.84,0.14,3.37,0.19,0.02526,0.00077
D002,"Bamboo shoot, tender",Bambusa vulgaris,"A. Bahgaj; B. Bansber ankur; E. Bamboo sprouts; G. Lilo vans; H. Baans; Kan. Baimbale, Kanile; Kh. Ka lung siej; Mal. Mulankoombu; M. Soidon; Mar. Kalkipan; O. Bhet ki lakdi; P. Baans; Tam. Moongil kuruthu; Tel. Veduru chiguru; U. Bhet ki lakdi.",Other Vegetables,68,1.33,1.67,0.35,1.55,0.09,0.04109,0.00112
D003,"Bean scarlet, tender",Phaseolus coccineus,"A. Lesera mah; E. Runner bean, Scarlet runner bean, Multiflora bean; G. Chodi; H. Sem; Kash. Hyambi; Kh. U buri; M. Hawai Ashaangbi; P. Sem fali.",Other Vegetables,179,2.86,5.16,0.99,4.5,1.03,0.266,0.00146
D004,"Bitter gourd, jagged, teeth ridges, elongate",Momordica charantia,"A. Kerela; B. Korola; E. Bitter melon, Bitter squash, Balsam pear; G. Karela; H. Karela; Kan. Hagal kai; Kash. Karela; Kh. Kerela heh; Mal. Kaippakka; M. Karon Akhabi; Mar. Karle ; N. Tite karela; O. Kalara; P. Karela; S. Tillikaa; Tel. Kakara kaya; Tam. Paavakkai; U. Karela.",Other Vegetables,87,1.44,2.82,0.24,3.78,0.04,0.144,0.01309
D005,"Bitter gourd, jagged, teeth ridges, short",Momordica charantia,"A. Kerela; B. Uchhe; E. Bitter melon, Bitter squash, Balsam pear; G. Marela; H. Karela; Kan. Hagal kai; Kash. Karela; Kh. Kerela rit; Mal. Kaippakka; M. Karon Akhabi; Mar. Karle; N. Tite karela; O. Kalara; P. Karela; S. Tillikaa; Tam. Paavakkai; Tel. Kakara kaya; U. Karela.",Other Vegetables,79,1.34,2.53,0.24,3.49,0.06,0.139,0.01259
D006,"Bitter gourd, jagged, smooth ridges, elongate",Momordica charantia,"A. Kerela; B. Korola; E. Bitter melon, Bitter squash, Balsam pear; G. Karela; H. Karela; Kan. Hagal kai; Kash. Karela; Kh. Kerela; Mal. Kaippakka; M. Karon Akhabi; Mar. Karle; N. Tite karela; O. Kalara; P. Karela; S. Tillikaa; Tam. Paavakkai; Tel. Kakara kaya; U. Karela.",Other Vegetables,81,1.61,2.29,0.26,3.72,0.08,0.142,0.01116
D007,"Bottle gourd, elongate, pale green",Lagenaria vulgaris,"A. Jatilao; B. Lau; E. Calabash, White flowered gourd; G. Dudhi; H. Lowki; Kan. Sorekai; Kash. Zeeth aal; Kh. U klong; Mal. Cheranga; M. Khongdrum; Mar. Pandhara; N. Lauka; O. Lau; P. Kadu; S. Kaarabellam; Tam. Suraikkai; Tel. Sorrakaya; U. Lowki.",Other Vegetables,46,0.53,1.68,0.13,2.12,0.36,0.04144,0.00146
D008,"Bottle gourd, round, pale green",Lagenaria vulgaris,"A. Jatilao; B. Lau; E. Calabash, White flowered gourd; G. Dudhi; G. Dudhi; H. Lowki; Kan. Sorekai; Kash. Gool aal; Kh. U klong heh; Mal. Cheranga; M. Khongdrum; Mar. Pandhara; N. Lauka; O. Lau; P. Kdu; S. Kaarabellam; Tam. Suraikkai; Tel. Sorrakaya; U. Lowki.",Other Vegetables,57,0.42,2.53,0.12,2.1,0.34,0.04107,0.00152
D009,"Bottle gourd, elongate, dark green",Lagenaria vulgaris,"A. Jatilao; B. Lau; E. Calabash, White flowered gourd; G. Dudhi; G. Dudhi; H. Lowki; Kan. Sorekai; U. Lowki; Kash. Zeth aal; Kh. Klong jrong; Mal. Cheranga; M. Khongdrum; Mar. Pandhara; N. Lauka; O. Lau; P. Kadu; S. Kaarabellam; Tam. Suraikkai; Tel. Sorrakaya.",Other Vegetables,54,0.49,2.25,0.13,2.11,0.39,0.04204,0.00135
D010,Brinjal 1,Solanum melongena,"A. Bengena; B. Begun; E. Eggplant, Aubergine; G. Ringna; H. Baingan; Kan. Badane; Kash. Wagun; Kh. Sohbaingon jyrngam; Mal. Vazhuthiniga; M. Lam Khamen; Mar. Vange; N. Bhantaa; O. Baigan; P. Baigan; S. Vruntaakam; Tam. Kathirikkai; Tel. Vankaya; U. Baigan.",Other Vegetables,114,1.77,3.49,0.39,3.57,0.88,0.09453,0.00315
D011,Brinjal 2,Solanum melongena,"A. Bengena; B. Begun; E. Eggplant, Aubergine; G. Ringna; H. Baingan; Kan. Badane; Kash. Wagun; Kh. Sohbaingon jyrngam; Mal. Vazhuthiniga; M. Lam Khamen; Mar. Vange; N. Bhantaa; O. Baigan; P. Baigan; S. Vruntaakam; Tam. Kathirikkai; Tel. Vankaya; U. Baigan.",Other Vegetables,99,1.82,2.71,0.34,4.01,0.98,0.08811,0.00392
D012,Brinjal 3,Solanum melongena,"A. Bengena; B. Begun; E. Eggplant, Aubergine; G. Ringna; H. Baingan; Kan. Badane; Kash. Wagun; Kh. Sohbaingon jyrngam; Mal. Vazhuthiniga; M. Lam Khamen; Mar. Vange; N. Bhantaa; O. Baigan; P. Baigan; S. Vruntaakam; Tam. Kathirikkai; Tel. Vankaya; U. Baigan.",Other Vegetables,102,1.36,3.38,0.33,4.26,0.93,0.07234,0.00312
D013,Brinjal 4,Solanum melongena,"A. Bengena; B. Begun; E. Eggplant, Aubergine; G. Ringna; H. Baingan; Kan. Badane; Kash. Wagun; Kh. Sohbaingon jyrngam; Mal. Vazhuthiniga; M. Lam Khamen; Mar. Vange; N. Bhantaa; O. Baigan; P. Baigan; S. Vruntaakam; Tam. Kathirikkai; Tel. Vankaya; U. Baigan.",Other Vegetables,100,1.51,3.19,0.31,4.04,0.86,0.06691,0.00331
D014,Brinjal 5,Solanum melongena,"A. Bengena; B. Begun; E. Eggplant, Aubergine; G. Ringna; H. Baingan; Kan. Badane; Kash. Wagun; Kh. Sohbaingon jyrngam; Mal. Vazhuthiniga; M. Lam Khamen; Mar. Vange; N. Bhantaa; O. Baigan; P. Baigan; S. Vruntaakam; Tam. Kathirikkai; Tel. Vankaya; U. Baigan",Other Vegetables,111,1.38,4.02,0.29,4.13,0.99,0.06924,0.00403
D015,Brinjal 6,Solanum melongena,"A. Bengena; B. Begun; E. Eggplant, Aubergine; G. Ringna; H. Baingan; Kan. Badane; Kash. Wagun; Kh. Sohbaingon jyrngam; Mal. Vazhuthiniga; M. Lam Khamen; Mar. Vange; N. Bhantaa; O. Baigan; P. Baigan; S. Vruntaakam; Tam. Kathirikkai; Tel. Vankaya; U. Baigan",Other Vegetables,97,1.46,3.29,0.29,3.68,1,0.07099,0.00375
D016,Brinjal 7,Solanum melongena,"A. Bengena; B. Begun; E. Eggplant, Aubergine; G. Ringna; H. Baingan; Kan. Badane; Kash. Wagun; Kh. Sohbaingon jyrngam; Mal. Vazhuthiniga; M. Lam Khamen; Mar. Vange; N. Bhantaa; O. Baigan; P. Baigan; S. Vruntaakam; Tam. Kathirikkai; Tel. Vankaya; U. Baigan",Other Vegetables,98,1.4,3.1,0.37,3.32,1.38,0.07172,0.00345
D017,Brinjal 8,Solanum melongena,"A. Bengena; B. Begun; E. Eggplant, Aubergine; G. Ringna; H. Baingan; Kan. Badane; Kash. Wagun; Kh. Sohbaingon jyrngam; Mal. Vazhuthiniga; M. Lam Khamen; Mar. Vange; N. Bhantaa; O. Baigan; P. Baigan; S. Vruntaakam; Tam. Kathirikkai; Tel. Vankaya; U. Baigan.",Other Vegetables,117,1.82,3.75,0.33,4.01,0.79,0.06817,0.00473
D018,Brinjal 9,Solanum melongena,"A. Bengena; B. Begun; E. Eggplant, Aubergine; G. Ringna; H. Baingan; Kan. Badane; Kash. Wagun; Kh. Sohbaingon jyrngam; Mal. Vazhuthiniga; M. Lam Khamen; Mar. Vange; N. Bhantaa; O. Baigan; P. Baigan; S. Vruntaakam; Tam. Kathirikkai; Tel. Vankaya; U. Baigan.",Other Vegetables,106,1.47,3.52,0.35,4,0.91,0.08049,0.00308
D019,Brinjal 10,Solanum melongena,"A. Bengena; B. Begun; E. Eggplant, Aubergine; G. Ringna; H. Baingan; Kan. Badane; Kash. Wagun; Kh. Sohbaingon jyrngam; Mal. Vazhuthiniga; M. Lam Khamen; Mar. Vange; N. Bhantaa; O. Baigan; P. Baigan; S. Vruntaakam; Tam. Kathirikkai; Tel. Vankaya; U. Baigan.",Other Vegetables,116,1.68,4.08,0.25,3.9,0.86,0.066,0.00435
D020,Brinjal 11,Solanum melongena,"A. Bengena; B. Begun; E. Eggplant, Aubergine; G. Ringna; H. Baingan; Kan. Badane; Kash. Wagun; Kh. Sohbaingon jyrngam; Mal. Vazhuthiniga; M. Lam Khamen; Mar. Vange; N. Bhantaa; O. Baigan; P. Baigan; S. Vruntaakam; Tam. Kathirikkai; Tel. Vankaya; U. Baigan.",Other Vegetables,105,1.43,3.53,0.31,4.12,1.05,0.06814,0.00347
D021,Brinjal 12,Solanum melongena,"A. Bengena; B. Begun; E. Eggplant, Aubergine; G. Ringna; H. Baingan; Kan. Badane; Kash. Wagun; Kh. Sohbaingon jyrngam; Mal. Vazhuthiniga; M. Lam Khamen; Mar. Vange; N. Bhantaa; O. Baigan; P. Baigan; S. Vruntaakam; Tam. Kathirikkai; Tel. Vankaya; U. Baigan.",Other Vegetables,93,1.6,2.73,0.27,3.89,1.22,0.06852,0.00388
D022,Brinjal 13,Solanum melongena,"A. Bengena; B. Begun; E. Eggplant, Aubergine; G. Ringna; H. Baingan; Kan. Badane; Kash. Wagun; Kh. Sohbaingon jyrngam; Mal. Vazhuthiniga; M. Lam Khamen; Mar. Vange; N. Bhantaa; O. Baigan; P. Baigan; S. Vruntaakam; Tam. Kathirikkai; Tel. Vankaya; U. Baigan.",Other Vegetables,124,1.49,4.51,0.31,3.92,1.15,0.08296,0.003
D023,Brinjal 14,Solanum melongena,"A. Bengena; B. Begun; E. Eggplant, Aubergine; G. Ringna; H. Baingan; Kan. Badane; Kash. Wagun; Kh. Sohbaingon jyrngam; Mal. Vazhuthiniga; M. Lam Khamen; Mar. Vange; N. Bhantaa; O. Baigan; P. Baigan; S. Vruntaakam; Tam. Kathirikkai; Tel. Vankaya; U. Baigan.",Other Vegetables,106,1.56,3.27,0.35,3.87,0.88,0.05914,0.00371
D024,Brinjal 15,Solanum melongena,"A. Bengena; B. Begun; E. Eggplant, Aubergine; G. Ringna; H. Baingan; Kan. Badane; Kash. Wagun; Kh. Sohbaingon jyrngam; Mal. Vazhuthiniga; M. Lam Khamen; Mar. Vange; N. Bhantaa; O. Baigan; P. Baigan; S. Vruntaakam; Tam. Kathirikkai; Tel. Vankaya; U. Baigan.",Other Vegetables,114,1.58,3.96,0.29,3.99,0.82,0.06708,0.00334
D025,Brinjal 16,Solanum melongena,"A. Bengena; B. Begun; E. Eggplant, Aubergine; G. Ringna; H. Baingan; Kan. Badane; Kash. Wagun; Kh. Sohbaingon jyrngam; Mal. Vazhuthiniga; M. Lam Khamen; Mar. Vange; N. Bhantaa; O. Baigan; P. Baigan; S. Vruntaakam; Tam. Kathirikkai; Tel. Vankaya; U. Baigan.",Other Vegetables,103,1.26,3.46,0.34,3.74,0.99,0.08365,0.00322
D026,Brinjal 17,Solanum melongena,"A. Bengena; B. Begun; E. Eggplant, Aubergine; G. Ringna; H. Baingan; Kan. Badane; Kash. Wagun; Kh. Sohbaingon jyrngam; Mal. Vazhuthiniga; M. Lam Khamen; Mar. Vange; N. Bhantaa; O. Baigan; P. Baigan; S. Vruntaakam; Tam. Kathirikkai; Tel. Vankaya; U. Baigan.",Other Vegetables,91,1.18,2.89,0.36,3.94,0.85,0.08114,0.00309
D027,Brinjal 18,Solanum melongena,"A. Bengena; B. Begun; E. Eggplant, Aubergine; G. Ringna; H. Baingan; Kan. Badane; Kash. Wagun; Kh. Sohbaingon jyrngam; Mal. Vazhuthiniga; M. Lam Khamen; Mar. Vange; N. Bhantaa; O. Baigan; P. Baigan; S. Vruntaakam; Tam. Kathirikkai; Tel. Vankaya; U. Baigan.",Other Vegetables,116,1.47,4.1,0.33,4.38,1.44,0.06918,0.00363
D028,Brinjal 19,Solanum melongena,"A. Bengena; B. Begun; E. Eggplant, Aubergine; G. Ringna; H. Baingan; Kan. Badane; Kash. Wagun; Kh. Sohbaingon jyrngam; Mal. Vazhuthiniga; M. Lam Khamen; Mar. Vange; N. Bhantaa; O. Baigan; P. Baigan; S. Vruntaakam; Tam. Kathirikkai; Tel. Vankaya; U. Baigan.",Other Vegetables,100,1.26,3.39,0.31,3.97,0.96,0.05927,0.00311
D029,Brinjal 20,Solanum melongena,"A. Bengena; B. Begun; E. Eggplant, Aubergine; G. Ringna; H. Baingan; Kan. Badane; Kash. Wagun; Kh. Sohbaingon jyrngam; Mal. Vazhuthiniga; M. Lam Khamen; Mar. Vange; N. Bhantaa; O. Baigan; P. Baigan; S. Vruntaakam; Tam. Kathirikkai; Tel. Vankaya; U. Baigan.",Other Vegetables,99,1.44,3.15,0.34,3.73,0.76,0.07991,0.00358
D030,Brinjal 21,Solanum melongena,"A. Bengena; B. Begun; E. Eggplant, Aubergine; G. Ringna; H. Baingan; Kan. Badane; Kash. Wagun; Kh. Sohbaingon jyrngam; Mal. Vazhuthiniga; M. Lam Khamen; Mar. Vange; N. Bhantaa; O. Baigan; P. Baigan; S. Vruntaakam; Tam. Kathirikkai; Tel. Vankaya; U. Baigan.",Other Vegetables,113,1.36,3.93,0.35,3.85,0.93,0.08828,0.00306
D031,Brinjal - all varieties,Solanum melongena,"A. Bengena; B. Begun; E. Eggplant, Aubergine; G. Ringna; H. Baingan; Kan. Badane; Kash. Wagun; Kh. Sohbaingon jyrngam; Mal. Vazhuthiniga; M. Lam Khamen; Mar. Vange; N. Bhantaa; O. Baigan; P. Baigan; S. Vruntaakam; Tam. Kathirikkai; Tel. Vankaya; U. Baigan.",Other Vegetables,106,1.48,3.52,0.32,3.98,0.97,0.07115,0.00355
D032,Broad beans,Vicia faba,"A. Urahi; B. Makhon shim; E. Fava bean, Faba bean, Field bean, Bell bean, Tic bean; G. Fafda papdi; H. Bakla; Kan. Chkaooaradavare; Kash. Thool Haymbe; Kh. Ri majai; Mal. Amarakka; Mar. Ghewda; O. Simba; Tam. Avarai; Tel. Pedda chikkudu.",Other Vegetables,123,3.85,2.11,0.15,8.63,1.22,0.04262,0.02074
D033,"Capsicum, green",Capsicum annuum,A. Kashmiri jalakia; B. Lanka (bilathi); G. Bhuler marcha; H. Shimla mirch; Kan. Donnmena-sinakayi; Kash. Shimla marchwangan; Kh. Sohmynken jhur jyrngam; Mal. Undamulagu; Mar. Bhoplimirchi; O. Shimla Lanka; P. Shimle-di-mirchi; Tam. Koda milagai; Tel. Shimla mirchi; U. Shimla mirchi.,Other Vegetables,68,1.11,1.84,0.34,2.06,0.86,0.07703,0.00184
D034,"Capsicum, red",Capsicum annuum,A. Kashmiri jalakia; B. Lanka (bilathi); G. Bhuler marcha; H. Shimla mirch; Kan.  Donnmena- sinakayi; Kash.  Shimla marchwangan; Kh. Sohmynken jhur jyrngam; Mal. Undamulagu; Mar. Bhoplimirchi; O. Shimla Lanka; P. Shimle-di-mirchi; Tam. Koda milagai; Tel. Shimla mirchi; U. Shimla mirchi.,Other Vegetables,83,1.47,2.14,0.47,2.19,0.93,0.08639,0.0017
D035,"Capsicum, yellow",Capsicum annuum,A. Kashmiri jalakia; B. Lanka (bilathi); G. Bhuler marcha; H. Shimla mirch; Kan.  Donnmena-sinakayi; Kash. Shimla marchwangan; Kh. Sohmynken jhur stem; Mal. Undamulagu; Mar. Bhoplimirchi; O. Shimla Lanka; P. Shimle-di-mirchi; Tam. Koda milagai; Tel. Shimla mirchi; U. Shimla mirchi.,Other Vegetables,78,1.35,1.95,0.41,2.19,0.97,0.102,0.00156
D036,Cauliflower,Brassica oleracea var. botrytis,A. Phul kobi; B. Phul kopi; G. Fulawar; H. Phul gobi; Kan. Hukosu; Kash. Phoolgobi; Kh. Phul kubi; Mal. Cauliflower; M. Kobithamchetmai; Mar. Phul gobi; N. Kauli; O. Phul Kobi; P. Phul gobi; S. Gojihvaa; Tam. Pookosu; Tel. Go puvvu; U. Phul gobi.,Other Vegetables,96,2.15,2.03,0.44,3.71,0.47,0.117,0.03072
D037,Celery stalk,Apium graveolens,B. Randhuni; H. Ajmud; Kh. Dieng seleri; G. Celery daandi; Tam. Sivarikkeerai.,Other Vegetables,69,0.98,2.33,0.24,2.09,0.75,0.06276,0.01068
D038,Cho-cho-marrow,Sechium edule,"A. Squash; E. Cho cho marrow, Chayote; H. Cho-cho-marrow; Kan. Cho-cho-marrow; M. Dasakusa; Mal. Cho-cho-marrow; Mar. Cho cho sara; O. Phuti kakudi; Kh. Biskot; Tam. Chow-chow.",Other Vegetables,79,0.66,3.47,0.15,1.55,0.76,0.07612,0.00128
D039,Cluster beans,Cyamopsis tetragonobola,A. Mah; B. Jhar sim; E. Guar; G. Govar; H. Gaur-ki-phalli; Kan. Gori koyi; Kash. Hyambi; Mal. Kothavara; Mar. Govari; O. Guanra chhuin; P. Guarae-di-faliya; Tam. Kothavaranga; Tel. Goruchikkudu; U. Gavar ki palli.,Other Vegetables,168,3.55,4.91,0.37,4.83,0.12,0.107,0.00405
D040,"Colocasia, stem, black",Colocasia esculenta,A. kosu thari; B. Kochur loti; H. Arwi-ki-dandi; Kan. Kesu danthu; Kh. Kawang iong; Mal. Chembin thandu; M. Paan Makhok; Mar. Alu-che-dath; O. Sarunada; P. Arbi de dande; Tam. Seppanthandu; Tel. Chama kada; U. Arwi ke kade.,Other Vegetables,100,0.76,3.83,0.34,3.01,0.53,0.103,0.00045
D041,"Colocasia, stem, green",Colocasia esculenta,A. Kosu thari; B. Kochur loti; H. Arwi-ki-dandi; Kan. Kesu danthu; Kh. Ka wang jyrngam; Mal. Chembin thandu; M. Paan Makhok; Mar. Alu-che-dath; O. Sarunada; P. Arbi de dande; Tam. Seppanthandu; Tel. Chama kada; U. Arwi ke kade.,Other Vegetables,81,0.91,2.86,0.22,2.33,0.25,0.06753,0.0006
D042,"Corn, baby",Zea mays,Kash. Makai; Kh. Riewhadem lung; M. Chujaak; P. Shoti shalli.,Other Vegetables,306,2.69,11.66,1.33,6.09,0.49,0.211,0.0014
D043,"Cucumber, green, elongate",Cucumis sativus,"A. Tiyoh; B. Sosha; G. Kakdi; H. Kheera, Kachumbar; Kan. Southe kayi; Kash. Laar; Kh. Sohkhia; Mal. Vellarikka; M. Thabi; Mar. Kakadi; N. Kakro; O. Kakudi; P. Khira; S. Patolah; Tam. Vellarikkai; Tel. Dosa kaya; U. Kheera.",Other Vegetables,82,0.71,3.48,0.16,2.14,0.27,0.06417,0.00633
D044,"Cucumber, green, short",Cucumis sativus,"A. Tiyoh; B. Sosha; G. Kakdi; H. Kheera, Kachumbar; Kan. Southe kayi; Kash. Laar; Kh. Sohkhia; M. Thabi; Mal. Vellarikka; Mar. Kakadi; N. Kakro; O. Kakudi; P. Khira; S. Patolah; Tam. Vellarikkai; Tel. Dosa kaya; U. Kheera.",Other Vegetables,73,0.83,2.82,0.18,2.13,0.21,0.06777,0.00611
D045,"Cucumber, orange, round",Cucumis sativus,A. Tiyoh; B. Sosha; G. Kakdi; H. Kakadi; Kan. Southe kayi; Kash. Laar; Kh. Sohkhia pyllon; Mal. Vellarikka; Mar. Kakadi; N. Kakro; O. Kakudi; P. Khira; S. Patolah; Tam. Vellarikkai; Tel. Dosa kaya; U. Kheera.,Other Vegetables,82,0.98,3.01,0.24,2.46,0.22,0.0719,0.00816
D046,Drumstick,Moringa oleifera,"A. Sajina; B. Sajna danta; E. Horseradish, Benzoil; G. Saragavo; H. Saijan-ki-phalli; Kan. Nugga kayi; Kh. Dieng sajana; Mal. Muringakkai; M. Sajana; Mar. Shevanga sheng; O. Sajana chhuin; P. Suhanjana di phalliya; Tam. Murungakkai; Tel. Mulakaada; U. Sujne ki palli.",Other Vegetables,123,2.62,3.76,0.12,6.83,1.47,0.02905,0.02238
D047,"Field beans, tender, broad",Phaseolus vulgaris,"A. Urohi; B. Shim; E. Common bean, Fieldbean, Broad bean, String bean; G. Valpapdi; H. Sem; Kan. Avare; Kash. Hyambi; Kh. Ri majai; Mal. Avar; Mar. Papta; O. Baragudi; Tam. Vidaiavarai; Tel. Chikkudu ginjalu; U. Sem ki palli.",Other Vegetables,129,3.06,2.75,0.64,5.64,0.95,0.182,0.01414
D048,"Field beans, tender, lean",Phaseolus vulgaris,"A.Urohi; B. Shim; E. Common bean, Fieldbean, Broad bean, String bean; G. Valpapdi; H. Sem; Kan. Avare; Kash. Hyambi; Kh. Ri majai; Mal. Avar; Mar. Papta; O. Baragudi; Tel. Chikkudu ginjalu; Tam. Vidaiavarai; U. Sem ki palli.",Other Vegetables,140,3.71,2.85,0.6,6.19,0.76,0.175,0.01276
D049,"French beans, country",Phaseolus vulgaris,A. French bean; E. Green beans; G. Fansi; H. Bakla; Kan. Huruli kayi; Kash. Hyambi; Kh. Presbin phyrngop; Mal. Beans; Mar. Pharasebee; N. Ghiu Simi; O. Beans; P. Fras bean; Tam. Vidaiavarai; Tel. Sannachikkudu; U. Beans.,Other Vegetables,102,2.49,2.68,0.26,4.38,1.06,0.07107,0.00884
D050,"French beans, hybrid",Phaseolus vulgaris,A. French bean; E. Green beans; G. Fansi; H. Bakla; Kan. Huruli kayi; Kash. Hyambi; Kh. Presbin; Mal. Beans; Mar. Pharasebee; N. Ghiu Simi; O. Beans; P. Fras bean; Tam. Vidaiavarai; Tel. Sannachikkudu; U. Beans.,Other Vegetables,93,2.12,2.63,0.19,4.18,1,0.0668,0.00918
D051,"Jack fruit, raw",Artocarpus heterophyllus,A. Kothal; B. Kanthal; E. Jackfruit; G. Phanas; H. Kathal; Kash. Bindu; Kan. Halasu; Kh. Soh phan; M. Theibong; Mal. Chakka; Mar. Phanas; N. Katahar; O. Panasa; P. Kathal ki beej; S. Panasa; Tam. Palapazham; Tel. Panasa; U. Kathahal.,Other Vegetables,110,1.98,3.48,0.35,7.69,2.02,0.04736,0.00353
D052,"Jack fruit, seeds, mature",Artocarpus heterophyllus,A. Kothal guti; B. Kanthal; E. Jackfruit; G. Phanas; H. Kathal; Kan. Halasu; Kash. Bindu; Kh. Shyieng soh phan; Mal. Chakka; M. Theibong Maru; Mar. Phanas; N. Katahar; P. Kathal; S. Panasa; Tam. Palakkottai; Tel. Panasa; U. Kathahal.,Other Vegetables,322,5.79,11.81,0.44,8.63,2.23,0.146,0.004
D053,Knol - Khol,Brassica oleracea,A. Oolkobi; B. Olkopi; E. Wild cabbage; G. Nol-kol; H. Kohl-rabi; Kan. Noolkol; Kash. Monjh haak; Kh. Phan kubi; Mal. Noolkol; M. Kobi Maru Kabi; Mar. Nol-kol; N. Gyathkopi; O. Ulkobi; P. Ganth gobi; Tam. Knoolkol; Tel. Noolkol.,Other Vegetables,67,1.58,1.39,0.35,2.75,0.43,0.0974,0.02746
D054,"Kovai, big",Coccinia cordifolia,"A. Kunduli; B. Telakucha; E. Ivy gourd, Scarlet gourd; G. Ghole gluru; H. Konduri, Kowai; Kan. Tondekayi; Kh. Jhur thliem; Mal. Kova kai; Mar. Tondale; O. Kunduru; Tam. Kova kai; Tel. Donda kaya; U. Tindli.",Other Vegetables,73,1.39,2.01,0.24,3,0.98,0.06884,0.00153
D055,"Kovai, small",Coccinia cordifolia,"A. Kunduli; B. Telakucha; E. Ivy gourd, Scarlet gourd; G. Ghole gluru; H. Konduri, Kowai; Kan. Tondekayi; Kh. Jhur thliem; Mal. Kova kai; Mar. Tondale; O. Kunduru; Tam. Kova kai; Tel. Donda kaya; U. Tindli.",Other Vegetables,80,1.22,2.41,0.24,3.25,1.07,0.07533,0.0022
D056,Ladies finger,Abelmoschus esculentus,"A. Bhendi; B. Dherosh; E. Okra, Okro, Ochro; G. Bhinda; H. Bhindi; Kan. Bende; Kash. Bindi; Kh. bindi; Mal. Vendakkai; M. Belandri; Mar. Bhendi; N. Ramtoriya; O. Bhendi; P. Bhindi; S. Bhindikaa; Tam. Vendaikkai; Tel. Bendakaya; U. Bhendi.",Other Vegetables,115,2.08,3.62,0.22,4.08,0.48,0.06937,0.00737
D057,"Mango, green, raw",Mangifera indica,A. Keasa aam; B. Aam (kancha); G. Ambo; H. Katcha Aam; Kan. Mavinakayi; Kash. Kach Aamb; Kh. Soh pieng im; Mal. Manga; M. Heinou Ashangba; Mar. Amba; O. Ambu (kacha); P. Kaccha aam; Tam. Mangai; Tel. Mamidikaya; U. Kaccha aam.,Other Vegetables,205,0.69,10.59,0.08,3.01,2.42,0.02728,0.03315
D058,"Onion, stalk",Allium wakegi,"A. Piyaj paat; B. Piyaz kali; E. Spring onion, Onion greens; G. Dunglina dakkadi (Onion dakkadi); H. Pyaz; Kan. Erulli soppu; Kash. Pichiganda; Kh. Sla piat; Mal. Ulli thandu; M. Tilhou mana; Mar. Pati; N. Chhayapi ko Saag; O. Piaja sandha; P. Hare pyaaz; Tam. Vengaya thaal; Tel. Ulli kadalu; U. Hari pyaaz.",Other Vegetables,107,2.07,2.99,0.26,5.21,0.41,0.09208,0.01552
D059,"Papaya, raw",Carica papaya,"A. Kesa omita; B. Pempe (Kacha); E. Papaw, Pawpaw; G. Papayi; H. Katcha pepita; Kan. Parangi; Kh. Soh kymphor im; Kash. Papita; Kon. Dudde; Mal. Omakaya; M. Awathabi Ashangba; Mar. Papaya; O. Amrutabhanda; P. Katcha Pepita; Tam. Pappalikkaai; Tel. Boppayi kaya; U. Papaya.",Other Vegetables,100,0.5,4.4,0.23,2.28,3.63,0.06915,0.00755
D060,Parwar,Trichosanthes dioica,A. Potol; B. Potol; E. Pointed gourd; G. Padval; H. Parwal; Kan. Mara thonde; Kh. Patol rit; Mal. Kovakkai; Mar. Parwar; O. Potala; P. Parwal; Tel. Kommu potla; U. Parwal.,Other Vegetables,101,1.4,3.54,0.3,2.61,0.37,0.09593,0.00229
D061,"Peas, fresh",Pisum sativum,"A. Matar mah; B. Motor shuti; G., Mar. Vatana; Kash. Kaza; O. Matara; H. Matar; Kan., Tel. Batani; Kash. Matar; Kh. Mator; M. Hawai tharaak; P. Hare matar; Mal., Tam. Paccha pattani.",Other Vegetables,340,7.25,11.88,0.13,6.32,0.97,0.01901,0.00366
D062,"Plantain, flower",Musa sapientum,A. Koldil; B. Mocha; E. Banana flower; G. Kel phool; H. Kele-ka phool; Kan. Bale motho; Kh. Pashor kait; Mal. Vazhapoo; M. Lafu Tharo; Mar. Kel phool; O. Kadali bhanda; P. Kele-da-phool; Tam. Vazhapoo; Tel. Arati puvvu; U. Kela ka phool.,Other Vegetables,89,1.47,2.15,0.63,5.25,0.17,0.273,0.00751
D063,"Plantain, green",Musa sapientum,A. Kaskol/Purakol; B. Kela (kanch); E. Cooking banana; G. Kela; H. Kele (hara); Kan. Bale kayi; Kash. Kham kael; Kh. Kait im; Mal. Vazhakkai; M. Laphoi Ashangba; M. Laphoi Ashangba; Mar. Kel (hara); N. Bungo; O. Bantala kadali; P. Kela (hara); S. Rambhaa ; Tam. Vazhakkaai; Tel. Arati kayi; U. Kaccha kela.,Other Vegetables,334,1.18,17.58,0.23,3.6,0.86,0.05713,0.01857
D064,"Plantain, stem",Musa sapientum,A. Posola; B. Thor; E. Banana stem; G. Kelanu thed; H. Kele-ka-tana; Kan. Bele Dindu; Kh. Nud kait; Mal. Unnipindi; M. Lafu; Mar. Kelicha khunt; O. Kadali manja; P. Kele da tana; Tam. Vazhai thandu; Tel. Arati doota.,Other Vegetables,165,0.35,8.64,0.16,2.12,0.65,0.02745,0.02317
D065,"Pumpkin, green, cylindrical",Cucurbita maxima,A. Rongalao; B. Kumro; G. Kohlu; H. Kaddu; Kan. Kumbala kash; Kash. Paarimal; Kh. Pathaw; Mal. Mathan; M. Mairen; Mar. Lal bhopla; N. Farsi; O. Kakharu; P. Kaddu; S. Kummaandah; Tam. Parangikkai; Tel. Gummadi kaya; U. Kaddu.,Other Vegetables,103,0.87,4.22,0.18,2.53,2.9,0.05332,0.00521
D066,"Pumpkin, orange, round",Cucurbita maxima,A. Rongalao; B. Kumro; G. Kohlu; H. Kaddu; Kan. Kumbala kash; Kash. Paarimal; Kh. Pathaw saw; Mal. Mathan; M. Mairen; Mar. Lal bhopla; N. Farsi; O. Kakharu; P. Kaddu; S. Kummaandah; Tam. Parangikkai; Tel. Gummadi; U. Kaddu.,Other Vegetables,97,0.84,4,0.16,2.56,2.97,0.04458,0.00881
D067,"Red gram, tender, fresh",Cajanus cajan,E. Pigeon pea; H. Arhar ki fali; Tam. Thuvarai; Tel. Pacchi Kandulu; U. Hara tuvar.,Other Vegetables,520,8.09,19.46,0.92,5.9,0.55,0.211,0.00254
D068,Ridge gourd,Luffa acutangula,"A. Jikaa; B. Jhinge; E. Luffa, Loofah; G. Turia; H. Torai; Kan. Heeraikai; Kash. Turrel ; Kh. Jingka; Kon. Gurdudde; Mal. Peechinga; M. Sebot; Mar. Dodka; O. Janhi; P. Kali tori; Tam. Peerkankai; Tel. Beera kaya; U. Turai.",Other Vegetables,55,0.91,1.72,0.14,1.81,0.62,0.05449,0.00471
D069,"Ridge gourd, smooth skin",Luffa acutangula,"A. Bhol; B. Jhinge; E. Luffa, Loofah; G. Turia; H. Torai; Kan. Heeraikai; Kash. Turrel; Kh. Jingka; Kon. Gurdudde; Mal. Peechinga; M. Sebot; Mar. Dodka; O. Janchi; P.  Kali tori; Tam. Peerkankai; Tel. Beera kaya; U. Turai.",Other Vegetables,64,0.98,2.24,0.13,1.85,0.41,0.04307,0.00627
D070,"Snake gourd, long, pale green",Trichosanthes anguina,A. Dhunduli; B. Chichinga; G. Pandola; H. Chachinda; Kan. Podavala; Kh. Jingka; Mal. Padavalanga; Mar. Padwal; N. Chichindo; O. Chachinda; P. Galartori; S. Cicinndda; Tam. Pudalangai; Tel. Potla kaya; U. Chichinda.,Other Vegetables,52,0.98,1.27,0.25,2.27,0.42,0.0949,0.00707
D071,"Snake gourd, long, dark green",Trichosanthes anguina,A. Dhunduli; B. Chichinga; G. Pandola; H. Chachinda; Kan. Podavala; Kh. Jingka; Mal. Padavalanga; Mar. Padwal; N. Chichindo; O. Chachinda; P. Galartori; S. Cicinndda; Tam. Pudalangai; Tel. Potla kaya; U. Chichinda.,Other Vegetables,50,0.89,1.23,0.25,2.27,0.45,0.09587,0.00504
D072,"Snake gourd, short",Trichosanthes anguina,A. Dhunduli; B. Chichinga; G. Pandola; H. Chachinda; Kan. Podavala; Kh. Jingka; Mal. Padavalanga; Mar. Padwal; N. Chichindo; O. Chachinda; P. Galartori; S. Cicinndda; Tam. Pudalangai; Tel. Potla kaya; U. Chichinda.,Other Vegetables,61,0.54,2.15,0.26,2.29,0.46,0.1,0.0025
D073,"Tinda, tender",Praecitrullus fistulosus,"E. Indian squash, Round melon, Indian round gourd, Apple gourd, Indian baby pumpkin; G. Tadabuch; H. Tinda; Kan. Thondekkai; Kash. Tinda; Mar. Dhemase; N. Tinda; P. Tinda; U. Tinde.",Other Vegetables,58,1.02,1.9,0.17,2,0.44,0.04897,0.02061
D074,"Tomato, green",Solanum lycopersicum,A. Kesa bilahi; B. Kacha Tomato; H. Tamator ; Kan. Goore Hannu; Kash. Rowagun; Kh. Soh saw jyrngam; Mal. Takkali; M. Khamen Ashinba; Mar. Hara velvangi; O. Bilati Baigan; P. Kaccha tamator; Tam. Thakkali kai; Tel. Ramamulagakaya; U. Kaccha tamatar.,Other Vegetables,87,1.12,3.18,0.27,1.62,0.83,0.04691,0.01311
D075,"Tomato, ripe, hybrid",Solanum lycopersicum,A. Poka bilahi; B. Tomato; G. Tameta; H. Tamator; Kan. Goore Hannu; Kash. Rowangun; Kh. Soh saw dkhar; Mal. Takkali pazham; M. Khamen ashinba; Mar. Velvangi; O. Bilati baigan; P. Pakke tamator; S. Rakta phalam; N. Gholobheda; Tam. Takkali pazham; Tel. Ramamulagakaya; U. Pakka tamatar.,Other Vegetables,79,0.76,3.2,0.25,1.58,1.82,0.04765,0.01186
D076,"Tomato, ripe, local",Solanum lycopersicum,A. Poka bilahi; B. Tomato; G. Tameta; H. Tamator; Kan. Goore Hannu; Kash. Rowangun; Mal. Takkali pazham; M. Khamen ashinba; Mar. Velvangi; N. Gholobheda; O. Bilati Baigan; P. Pakke tamator; S. Rakta phalam; Kh. Soh saw khasii; Tam. Takkali pazham; Tel. Ramamulagakaya; U. Pakka tamatar.,Other Vegetables,82,0.9,2.71,0.47,1.77,1.34,0.07956,0.00973
D077,"Zucchini, green",Cucurbita pepo,"B. Dhudul; E. Courgette, Summer squash; H. Sabed kaddu; Kan. Dilpasand; Kash. Kaashiral; Mar. Kashi bhopla; O. Golu phubi kakuri; Tam. Seemai suraikayi.",Other Vegetables,84,1.1,2.33,0.51,2.3,0.14,0.119,0.0004
D078,"Zucchini, yellow",Cucurbita pepo,"B. Dhudul; E. Courgette, Summer squash; H. Sabed kaddu; Kan. Dilpasand; Kash. Kaashiral; Mar. Kashi bhopla; O. Golu phubi kakuri; Tam. Seemai suraikayi.",Other Vegetables,79,1.31,2.2,0.44,1.84,0.29,0.05692,0.00039
E001,"Apple, big",Malus domestica,"A. Apel; B. Sev; G. Safarjan; H. Sev; Kan. Sebu; Kash. Tsoonth; Kh. Soh apple saw; Mal., Tam. Apple pazham; M. Sem; Mar. Safar chand; N. Shau; O. Sev; P. Seb; S. Seva; Tel. Sepu/Sema regu; U. Saib.",Fruits,261,0.29,13.11,0.64,2.59,9.53,0.154,0.00143
E002,"Apple, green",Malus domestica,A. Apel; B. Sev; G. Lila safarjan; H. Sev; Kan. Sebu; Kash. Tsoonth; Kh. Soh apple Jyrngam; Mal. Apple pazham; M. Sem; Mar. Safar chand; N. Shau; O. Sev; P. Seb; S. Seva; Tam. Apple pazham; Tel. Sepu/Sema regu; U. Saib.,Fruits,214,0.46,10.65,0.5,2.54,8.39,0.116,0.00147
E003,"Apple, small",Malus domestica,A. Apel; B. Sev; G. Safarjan; H. Sev; Kan. Sebu; Kash. Tsoonth; Kh. Soh apple saw; Mal. Apple pazham; M. Sem; Mar. Safar chand; N. Shau; O. Sev; P. Seb; S. Seva; Tam. Apple pazham; Tel. Sepu/Sema regu; U. Saib.,Fruits,267,0.31,13.95,0.53,2.06,9.8,0.149,0.00145
E004,"Apple, small, Kashmir",Malus domestica,A. Apel; B. Sev; G. Safarjan; H. Sev; Kan. Seb; Kash. Tsoonth; Kh. Soh apple saw; Mal. Apple pazham; M. Sem; Mar. Safar chand; N. Shau; O. Sev; P. Seb; S. Seva; Tam. Apple pazham; Tel. Sepu/Sema regu; U. Saib.,Fruits,269,0.27,13.99,0.6,2.07,9.15,0.176,0.00122
E005,"Apricot, dried",Prunus armeniaca,A. Malhoi; B. Suska khubani; G. Jardaloo (Suka velu); H. Khoomani; Kan. Jaldaru Hannu; Kash. Tser; Mal. Sheema bedhaam pazham; M. Malhei; Mar. Jardaalu; N. Khattu; P. Kharamani; Tel. Seema Badam/ Jallaru Pandu; Tam. Sakkarai badhami; U. Khubaani.,Fruits,1321,3.17,72.63,0.74,3.32,25.72,0.2,0.00394
E006,"Apricot, processed",Prunus armeniaca,A. Malhoi; B. Suska khubani; G. Jardaloo; H. Khoomani; Kan. Jaldaru Hannu; Kash. Tser; Mal. Sheema bedhaam pazham; M. Malhei; Mar. Jardaalu; N. Khattu; P. Kharamani; Tam. Sakkarai badhami; Tel. Seema Badam/ Jallaru Pandu; U. Khubaani.,Fruits,236,1.47,10.93,0.64,0.59,4.36,0.185,0.0016
E007,Avocado fruit,Persea  americana,B.  Kulunashpati; H. Makhanphal; Kan. Bennephala/Bennehannu; Kash. Goshtub tang; Mal. Aathachakka/ Venna-pazham; Mar. Makhan phal; P. Makhan phal; Tam. Vennaipazham.,Fruits,604,2.95,1.75,13.86,6.69,1.65,1.237,0.00281
E008,Bael fruit,Aegle marmelos,"B. Bel; E. Indian bael, Bengal quince, Golden apple, Japanese bitter orange, Stone apple, Wood apple; G. Bila; H. Bel; Kh. Soh bel; Mal. Vilwa pazham; M. Heiri Khagok; P. Bhel; Mar. Bel; Tam. Vilwa pazham; Tel. Marendu pandu.",Fruits,569,2.63,28.21,0.57,6.31,16.35,0.19,0.00156
E009,"Banana, ripe, montham",Musa x paradisiaca,A. Poka kol; B. Kola(paka); G. Paka keda; H. Kela; Kan. Bale hannu; Kash. Kela; Kh. Kait syiem; Mal. Vazha pazham; M. Laphoi; Mar. Kele; N. Kera; O. Champa kadali; P. Kella;   S. Kadalii; Tam. Vazha pazham; Tel. Arati pandu; U. Kela.,Fruits,463,1.25,24.95,0.32,2.21,14.9,0.11,0.00125
E010,"Banana, ripe, poovam",Musa x paradisiaca,A. Poka kol; B. Kola (paka); G. Paka keda; H. Kela; Kan. Bale hannu; Kash. Kela; Kh. Kait mon/ ja; Mal. Vazha pazham; M. Laphoi; Mar. Kele; N. Kera; O. Champa kadali; P. Kella; S. Kadalii; Tam. Vazha pazham; Tel. Arati pandu; U. Kela.,Fruits,445,1.49,23.41,0.35,2.33,12.54,0.113,0.001
E011,"Banana, ripe, red",Musa paradisiaca,A. Poka kol; B. Kola (paka); G. Lal paka keda; H. Kela; Kan. Bale hannu; Kash. Kela; Kh. Kait saw; Mal. Vazha pazham; M. Laphoi; Mar. Kele; N. Kera; O. Champa kadali; P. Kella; S. Kadalii; Tam. Sevvazhaipazham; Tel. Arati pandu; U. Kela.,Fruits,467,1.29,25.21,0.29,1.98,14.57,0.106,0.00111
E012,"Banana, ripe, robusta",Musa x paradisiaca,A. Poka kol; B. Kola (paka); G. keda; H. Kela; Kan. Bale hannu; Kash. Kela; Kh. Kait jaji; Mal. Vazha pazham; M. Laphoi; Mar. Kele; N. Kera; O. Champa kadali; P. Kella; S. Kadalii; Tam. Vazhaipazham; Tel. Arati pandu; U. Kela.,Fruits,440,1.23,23.63,0.33,1.94,13.65,0.114,0.00085
E013,Black berry,Rubus sp.,A. Kola jamu; B. Kalojam; E. Blackberry; G. Jambu; H. Kala Jamun; Kan. Neralai; Kh. Soh jam/ Soh jamun; Mal. Naval pazham; M. Jaam; Mar. Jambhool; O. Jamukoli; P. Jamun; Tam. Nagapazham; Tel. Neredupandu.,Fruits,227,0.92,10.64,0.63,4.35,7.61,0.195,0.00121
E014,"Cherries, red",Prunus avium,G. Cherry; H. Gilas; Kan. Kadugempu; Kash. Gilas; Kh. Soh sherri; Mal. Cherrypazham; Mar. Cherry phal; P. Cherry; Tam. Cherry pazham; Tel. Cherri pandu.,Fruits,250,1.49,11.87,0.46,2.12,10.72,0.125,0.00164
E015,"Currants, black",Ribes nigrum,"A. kismis; E. Zante currants, Corinth raisins, Corinthian raisins; G. kadi draksh; H. Munakka; Kan. Nerale hannu; Kh. Soh kismis iong; Mal. Najavalppazham; Mar. Kala pravaha; Tam. Karunthiratcha; Tel. Nalla Kishmish; U. kala kishmish.",Fruits,227,1.51,9.93,0.53,4.07,6.33,0.08333,0.00145
E016,Custard apple,Annona squamosa,"A. Sitaphal; B. Ata; E. Sugar apple, Sweetsop; G. Sitapad; H. Sharifa; Kan. Sharifa; O. Ata; Mal., Mar. Sitaphal; P. Sharifa; Tam. Seethapazham; Tel. Sitaphalam.",Fruits,414,1.62,20.38,0.67,5.1,13.35,0.138,0.00311
E017,"Dates, dry, pale brown",Phoenix dactylifera,A. Khajur; B. Kharjura; E. Date palm; G. Kharek; H. Chuhara; Kan. Kharjoora; Kash. Khajur; Kh. Soh khajur; Mal. Eethapazham; M. Thangtup; Mar. Khajur; N. Khajura; O. Khajuri; P. Chawara; S. Kharjura; Tam. Pericham pazham; Tel. Khajoora pandu; U. Khajur.,Fruits,1340,2.45,74.91,0.35,8.95,66.63,0.09703,0.00327
E018,"Dates, dry, dark brown",Phoenix dactylifera,A. Khajur; B. Kharjura; E. Date palm; G. Chuhara; H. Khajur; Kan. Kharjoora; Kash. Khajur; Kh. Soh khajur; Mal. Eethapazham; M. Thangtup; Mar. Khajur; N. Khajura; O. Khajuri; P. Chawara; S. Kharjura;   Tam. Pericham pazham; Tel. Khajoora pandu; U. Khajur.,Fruits,1301,2.38,72.67,0.35,9.1,68.84,0.114,0.00309
E019,"Dates, processed",Phoenix dactylifera,A. Khajur; B. Kharjura; E. Date palm; G. Khajur; H. Khajur; Kan. Kharjoora; Kash. Khajur; Kh. Soh khajur im; Mal. Eethapazham; M. Thangtup; Mar. Khajur; N. Khajura; O. Khajuri; P. Khajur; S. Kharjura ; Tam. Pericham pazham; Tel. Khajoora pandu; U. Khajur.,Fruits,1197,1.18,67.95,0.41,6.52,56.96,0.149,0.0016
E020,Fig,Ficus Carica,A. Dimoru; B. Dumura; E. Common fig; G. Anjir; H. Anjeer; Kan. Anjurada hannugalu; Kash. Anjeer; Kh. Soh Dimbur; Mal. Athipazham; M. Heirit; Mar. Anjir; N. Anjir; O. Dimiri; S. Anjiira; P. Anjeer; Tam. Athipazham; Tel. Atti pandu; U. Anjeer.,Fruits,341,2.03,16.28,0.37,4.64,8.64,0.08944,0.00237
E021,Goosberry,Emblica officinalis,A. Amlakhi; E. Indian Gooseberry; G. Amla; H. Amla; Kan. Betta nelli; Kh. Soh mylleng; Mal. Nellikka; M. Heikru; Mar. Amla; O. Aanla; P. Olle; Tam. Nellikkai; Tel. Usirikaya.,Fruits,99,0.34,4.39,0.16,7.75,3.39,0.03848,0.00137
E022,"Grapes, seeded, round, black",Vitis vinifera,A. Angoor; B. Angoor; G. Kadi Draksha; H. Angoor; Kan. Draksha; Kash. Dach; Kh. Soh grape iong; Mal. Mundiringa; M. Angoor; Mar. Draksha; N. Angoor; O. Angoor; P. Angoor; S. Draakssaa; Tam. Panneer dratchai; Tel. Draksha padu.,Fruits,254,0.76,13.23,0.32,1.35,10.02,0.106,0.00193
E023,"Grapes, seeded, round, green",Vitis vinifera,A. Angoor; B. Angoor; G. Lili Draksha; H. Angoor; Kan. Draksha; Kash. Dach; Kh. Soh grape jyrngam; Mal. Mundiringa; M. Angoor; Mar. Draksha; N. Angoor; O. Angoor; P. Angoor; S. Draakssaa; Tam. Dratchai; Tel. Draksha padu.,Fruits,235,0.77,12.19,0.29,1.25,9.59,0.09242,0.00189
E024,"Grapes, seeded, round, red",Vitis vinifera,A. Angoor; B. Angoor; G. Lal Draksha; H. Angoor; Kan. Draksha; Kash. Dach; Kh. Soh grape saw; Mal. Mundiringa; M. Angoor; Mar. Draksha; N. Angoor; O. Angoor; P. Angoor; S. Draakssaa; Tam. Dratchai; Tel. Draksha padu.,Fruits,244,0.95,12.55,0.29,1.28,10.47,0.09204,0.00159
E025,"Grapes, seedless, oval, black",Vitis vinifera,A. Angoor; B. Angoor; G. Draksha; H. Angoor; Kan. Draksha; Kash. Dach; Kh. Soh grape iong; Mal. Mundiringa; M. Angoor; Mar. Draksha; N. Angoor; O. Angoor; P. Angoor; S. Draakssaa; Tam. Dratchai; Tel. Draksha padu.,Fruits,395,1.41,20.48,0.46,1.64,9.19,0.04563,0.00183
E026,"Grapes, seedless, round, green",Vitis vinifera,A. Angoor; B. Angoor; G. Draksha; H. Angoor; Kan. Draksha; Kash. Dach; Kh. Soh grape jyrngam; Mal. Mundiringa; M. Angoor; Mar. Draksha ; N. Angoor; O. Angoor; P. Angoor; S. Draakssaa; Tam. Dratchai; Tel. Draksha padu.,Fruits,224,0.62,11.81,0.26,1.28,9.6,0.08711,0.00181
E027,"Grapes, seedless, round, black",Vitis vinifera,G. Kadi Draksha; H. Angoor; Kan. Draksha; Kash. Dach; Kh. Soh grape iong; Mal. Mundiringa; M. Angoor; Mar. Draksha; N. Angoor; O. Angoor; P. Angoor; S. Draakssaa; Tam. Dratchai; Tel. Draksha padu.,Fruits,374,1.24,19.86,0.35,1.15,10.88,0.129,0.00192
E028,"Guava, white flesh",Psidium guajava,A. Madhurium; B. Peyara; G. Jamphad; H. Amrud; Kan. Seebe; Kash. Amrodh; Kh. Soh pyriam; Mal. Perakka (nattu); M. Pungton; Mar. Peru; N. Aamba; O. Pijuli (deshi); P. Amrud; S. Peruka; Tam. Koiyapazham; Tel. Jama pandu; U. Amrood.,Fruits,135,1.44,5.13,0.32,8.59,4.1,0.0493,0.00287
E029,"Guava, pink flesh",Psidium guajava,H. Amrud; Tel. Jama pandu; Tam. Koiyapazham; Kan. Seebe; Mal. Perakka; Mar. Peru; O. Pijuli; B. Peyara; G. Lal jamphad; P. Amrud; A. Madhurium; Kash. Amrodh; S. Peruka; N. Aamba; M. Bilaiti pungton; Kh. Soh pyriam.,Fruits,195,1.19,9.14,0.25,7.39,7.79,0.02718,0.00189
E030,"Jack fruit, ripe",Artocarpus heterophyllus,"A. Kothal; B. Kanthal; E. Jakfruit, Jak; G. Phanas; H. Kathal; Kan. Halasu; Kh. Soh phan; Mal. Chakka; M. Theibong; Mar. Phanas; N. Katahar; O. Panasa; P. Kathal; Kash. Bindu; S. Panasa; Tam. Palapazham; Tel. Panasa; U. Kathahal.",Fruits,302,2.74,14.01,0.15,3.62,12.21,0.03766,0.00162
E031,"Jambu fruit, ripe",Syzygium samarangense,"A. Jamu; B. Jaamrool; E. Java apple, Semarang rose apple, Wax jambu; H. Jamun; Kan. Neralai; Mal. Naval pazham; Mar. Jambhool; O. Jamukoli; P. Jamun; Tam. Nagapazham; Tel. Neredupandu.",Fruits,235,0.82,12.3,0.17,3.07,6.84,0.06649,0.00264
E032,Karonda fruit,Carissa carandas,"A. Korja tenga; B. Koromcha; G. Karamda; H. Balalak, dindimi; Kan. Karekayi; Mar. Karvand; Mal. Karakka; O. Sushena; P. Karonda; S. Karamazda; Tam. Kalakkay/ Parungala; Tel. Kalive.",Fruits,141,1.15,2.87,1.67,7.25,1.75,0.06681,0.00255
E033,"Lemon, juice",Citrus limon,H. Nimbhu; Tel. Nimapandu ; O. Kagaji limbu; B. Pati Lebu; G. Limbu; P. Nibu; U. Neembu; A. Nemu; Kash. Nyomb; S. Lehin; N. Kaagati; M. Champra Mahi; Kh. Soh jew.,Fruits,153,0.41,0,0.75,0,2.59,0.202,0.00121
E034,"Lime, sweet, pulp",Citrus limetta,H. Mosambi; Tel. Gaja nimma pandu; Tam. Kolinchi pazham; Kan. Gaja nimbe; Mar. Limbu goda; B. Mitha lebu; G. Mosambi; A. Mosumi; Kash. Mosambi; P. Mosami; Kh. Soh balensha.,Fruits,114,0.76,5.18,0.2,2.07,3.42,0.0764,0.00117
E035,Litchi,Litchi chinensis,A. Lichu; B. Lichu; E. Lychee; G. Lichi; H. Lichi; Kash. Lichi; Kh. Soh manir; Mal. Lichi; M. Lichu; Mar. Lichi; N. Lichi; O. Letchu; P. Lichi; Tam. Lichi; Tel. Lichi; Kan. Lichi; U. Lichi.,Fruits,225,0.99,11.41,0.26,1.34,9.3,0.09148,0.00054
E036,"Mango, ripe, banganapalli",Mangifera indica,A. Aam; B. Aam(paka); G. Keri; H. Aam (paka); Kan. Mvina hannu; Kash. Aamb; Kh. Soh pieng; Mal. Mam pazham; M. Heinou Amunba; Mar. Amba (piklela); N. Ampa; O. Amba (pachila); P. Aam; S. Aamra; Tam. Mampazham; Tel. Mamidi pandu; U. Pakka aam.,Fruits,175,0.54,8.18,0.55,1.88,7.77,0.17,0.00134
E037,"Mango, ripe, gulabkhas",Mangifera indica,A. Aam; B. Aam (paka); G. Pakeli Kedi; H. Aam (paka); Kan. Mvina hannu; Kash. Aamb; Kh. Soh pieng; Mal. Mam pazham; M. Heinou Amunba; Mar. Amba (piklela); N. Ampa; O. Amba (pachila); P. Aam; S. Aamra; Tam. Mampazham; Tel. Mamidi pandu; U. Pakka aam.,Fruits,209,0.52,10.32,0.53,1.67,8.13,0.18,0.00139
E038,"Mango, ripe, himsagar",Mangifera indica,A. Aam; B. Aam (paka); G. Keri; H. Aam (paka); Kan. Mvina hannu; Kash. Aamb; Kh. Soh pieng; Mal. Mam pazham; M. Heinou Amunba; Mar. Amba (piklela); N. Ampa; O. Amba (pachila); P. Aam; S. Aamra; Tam. Mampazham; Tel. Mamidi pandu; U. Pakka aam.,Fruits,187,0.46,9.03,0.54,1.55,8.06,0.174,0.00131
E039,"Mango, ripe, kesar",Mangifera indica,A. Aam; B. Aam (paka); G. Kesar kedi; H. Aam (paka); Kan. Mvina hannu; Kash. Aamb; Kh. Soh pieng; Mal. Mam pazham; M. Heinou Amunba; Mar. Amba (piklela); N. Ampa; O. Amba (pachila); P. Aam; S. Aamra; Tam. Mampazham; Tel. Mamidi pandu; U. Pakka aam.,Fruits,231,0.54,11.36,0.57,2.02,9,0.172,0.00143
E040,"Mango, ripe, neelam",Mangifera indica,A. Aam; B. Aam (paka); G. Nilam kedi; H. Aam (paka); Kan. Mvina hannu; Kash. Aamb; Kh. Soh pieng; Mal. Mam  pazham; M. Heinou Amunba; Mar. Amba (piklela); N. Ampa; O. Amba (pachila); P. Aam; S. Aamra; Tam. Mampazham; Tel. Mamidi pandu; U. Pakka aam.,Fruits,178,0.68,8.21,0.55,1.77,7.94,0.178,0.0012
E041,"Mango, ripe, paheri",Mangifera indica,A. Aam; B. Aam (paka); G. Keri; H. Aam (paka); Kan. Mvina hannu; Kash. Aamb; Kh. Soh pieng; Mal. Mam pazham; M. Heinou Amunba; Mar. Amba (piklela); N. Ampa; O. Amba (pachila); S. Aamra; Tam. Mampazham; Tel. Mamidi pandu; U. Pakka aam.,Fruits,188,0.68,8.67,0.58,1.97,8.48,0.186,0.00163
E042,"Mango, ripe, totapari",Mangifera indica,A. Aam; B. Aam (paka); G. Totapuri kedi; H. Aam (paka); Kan. Mvina hannu; Kash. Aamb; Kh. Soh pieng; Mal. Mam pazham; M. Heinou Amunba; Mar. Amba (piklela); N. Ampa; O. Amba (pachila); P. Aam; S. Aamra; Tel. Mamidi pandu; Tam. Mampazham; U. Pakka aam.,Fruits,248,0.41,12.75,0.49,1.73,9.24,0.175,0.00132
E043,Mangosteen,Garcinia mangostana,E. Purple mangosteen; H. Mangustan; Mal. Kodam puli; Tam. Sulambali.,Fruits,219,0.63,11.41,0.24,1.87,8.91,0.176,0.00379
E044,Manila tamarind,Pithecellobium dulce,B. Jilapi; G. Bakhai ambli/Vilayabi ambli; H. Ganga imli/ Jangal jalebi; Kan. Seema/ dora hunase; Kh. Soh kyntoi im; M. Mange; Mar. Vilayatichinch; P. Jangjalebi; Tam. Kodukkapuli; Tel. Seema chintakaya.,Fruits,342,3.56,13.54,1.14,4.4,12.13,0.02781,0.00135
E045,"Musk melon, orange flesh",Cucumis melon,A. Siral; B. Kharamuja; E. Muskmelon; G. Kharbujo; H. Kharbooja; Kan. Kharbooja; Kash. Kherbuz; Mal. Mulam pazham; Mar. Kharbooja; O. Kharbooja; P. Kharbooja; S. Kharbuuja; Tam. Mulam pazham; Tel. Kharbooja; U. Kharbuz.,Fruits,97,0.42,4.24,0.35,1.51,2.99,0.09294,0.01494
E046,"Musk melon, yellow flesh",Cucumis melo,A. Siral; B. Kharamuja; E. Muskmelon; G. Kharbujo (Pido); H. Kharbooja; Kan. Kharbooja; Kash. Kherbuz; Mal. Mulam pazham; Mar. Kharbooja; O. Kharbooja; P. Kharbooja; S. Kharbuuja; Tam. Mulam pazham; Tel. Kharbooja; U. Kharbuz.,Fruits,116,0.53,5.4,0.26,1.49,2.36,0.079,0.01578
E047,"Orange, pulp",Citrus aurantium,A. Komola; B. Kamala lebu; G. Santra; H. Santra; Kan. Kithilai; Kash. Sangtar; Kh. Soh niamtra; Mal. Madhura naranga; M. Komla; Mar. Santre; N. Suntala; O. Kamala; P. Santra; S. Naarangga; Tam. Saathukudi; Tel. Kamala padu; U. Santra.,Fruits,156,0.7,7.92,0.13,1.29,6.86,0.03711,0.00147
E048,"Palm fruit, tender",Borassus flabellifer,"E. Doub palm, Palmyra palm, Tala palm, Toddy palm, Wine palm, Ice apple; H. Tar; Kan. Thati mangu; Mal. Pnamnungu; O. Tala Saja; Tam. Panai nungu; Tel. Thati munjalu.",Fruits,101,0.5,4.92,0.12,2.4,0.19,0.03336,0.00125
E049,"Papaya, ripe",Carcia papaya,"A. Amita; B. Pepe (paka); E. Papaw, Pawpaw; G. Papayu; H. Papita; Kan. Pappayi Hannu; Kash. Papita; Kh. Soh Kymphor; Kon. Papayi; Mal. Omakai; M. Awathabi amunba; Mar. Popai; N. Mewa; O. Amrutbhanda (Pachila); P. Papita; Tam. Pappali; Tel. Boppayi pandu; U. Papita.",Fruits,100,0.42,4.61,0.16,2.83,4.09,0.05608,0.00668
E050,Peach,Prunus communis,A. Ahom bogori; E. Nectarine; H. Aroo; Kash. Aer; Kh. Soh phareng; M. Chumbrei; P. Aroo.,Fruits,168,0.86,7.82,0.37,2.13,6.95,0.0239,0.00115
E051,Pear,Pyrus sp.,A. Naspoti; B. Nashpati; G. Nashpatino; H. Nashpati; Kan. Berikai; Kash. Tang; Kh. Soh phoh; Mal. Sabarjil; M. Naspati; Mar. Nashpati; N. Naspati; O. Nashpati; P. Nashpati; Tam. Berikkai; Tel. Berikaya; U. Nashpati.,Fruits,157,0.36,8.09,0.27,4.48,7.39,0.07594,0.00164
E052,Phalsa,Grewia asiatica,A. Pharaskol; B. Falsa; G. Falsa; H. Falsa; Kan. Phalsa hannu; Kh. Soh broi rit; Mal. Palisa; Mar. Falsa; O. Mirgichara; P. Falsa; Tam. Palisa; Tel. Falsa pandu; U. Falsa.,Fruits,299,1.66,15.09,0.14,4.54,13,0.164,0.00199
E053,Pineapple,Ananas comosus,A. Ahnaros; B. Anarasa; G. Anenas; H. Ananas; Kan. Ananas; Kash. Punchitipul; Kh. Soh trun; Kon. Anas; Mal. Kayirha chakka; M. Kihom Ananas; O. Sapuri; P. Ananas; Tam. Annasi pazham; Tel. Anasa pandu; U. Ananas.,Fruits,180,0.52,9.42,0.16,3.46,8.56,0.05109,0.00143
E054,Plum,Prunus domestica,B. Alubokhara; H. Alubokhara; G. Aaddu; Kan. Onagida draakshi; Kash. Aeir; Kh. Soh plum dorris/ Norris; M. Heikha; P. Aloobhukhara; Tel. Alapagoda.,Fruits,238,0.64,12.1,0.4,2.07,10.13,0.02005,0.00155
E055,"Pomegranate, maroon seeds",Punica granatum,A. dalim; B. Bedana; G. Dadam; H. Anar; Kan. Dalimbari; Kash. Daan; Kh. Soh pomegranate; Kon. Dalimb; Mal. Mathalam pazhham; M. Kamphoi; Mar. Dalimb; O. Dalimba; P. Anar; S. Daaddima; Tam. Madhulam pazham; Tel. Danimma pandu; U. Anaar.,Fruits,229,1.33,11.58,0.15,2.83,10.87,0.0425,0.00213
E056,Pummelo,Citrus maxima,A. Rabab tenga; B. Batabilembu; E. Pomelo; G. Papnuse; H. Chakotra; Kan. Chakkota; Kh. Soh bah; Mal. Bombilimas; M. Nobab; Mar. Papnus; O. Batapilembu; Tam. Bombilimas; Tel. Pampara panasa.,Fruits,210,0.68,10.64,0.42,0.8,4.38,0.115,0.00106
E057,"Raisins, dried, black",Vitis vinifera,A. kishmish; B. kishmish; E. Dried grape; G. Kadi Draksha; H. Kishmish; Kan. Drashi; Kash. kishmish; Kh. Kismis iong; Mal. Mundiringa (unakku); M. Kismis; Mar. kishmish; O. kishmish; P. Songi; Tam. Ular dhirachai; Tel. Endu draksha; U. kishmish.,Fruits,1279,2.57,71.29,0.34,3.92,61.51,0.06247,0.01099
E058,"Raisins, dried, golden",Vitis vinifera,A. Kishmish; B. Kishmish; E. Dried grape; G. Pidi Draksha; H. Kishmish; Kan. Drashi; Kash. Kishmish; Kh. Kismis saw; Kon. Suke dhrakshi; Mal. Mundiringa (unakku); M. Kismis; Mar. kishmish; N. Kismis; O. Kishmish ; P. Songi; Tam. Ular dhirachai; Tel. Endu draksha; U. Kishmish.,Fruits,1241,2.76,68.79,0.35,4.56,57.12,0.121,0.01016
E059,Rambutan,Nephelium lappaceum,H. Rambutan.,Fruits,306,0.68,16.84,0.16,1.02,15.8,0.144,0.00175
E060,Sapota,Achras sapota,A. Chiku; E. Sapodilla; H. Chiku; Kan. Sapota; Mal. Sapota; Mar. Chiku; O. Sapota; P. Chiku; Tel. Sapota; U. Sapota.,Fruits,307,0.92,13.9,1.26,9.6,12.3,0.389,0.00461
E061,Soursop,Annona muricata,H. Shul-ram fal; Kan. Lakshmanaphala/Mulluramphala; Mal. Mullatha; Tam. Malai seethapalam/ Paanghi pazham; Tel. Lakshamana phalamu.,Fruits,260,0.74,11.94,0.94,4.95,9.83,0.135,0.00678
E062,Star fruit,Averrhoa carambola,"A. Kordoi; E. Carambola, Starfruit; G. Amrakh; H. Kazmal/Kamrakh; Kan. Kamaraka/ Kapazakshi hannu; Kh. Soh pyrshong; Mal. Caturappuli; M. Heinoujom; Mar. Karambal; O. Karamanga; Tam. Tamarattai; U. Kamrakh.",Fruits,110,0.79,4.51,0.39,2.81,3.95,0.02077,0.00156
E063,Strawberry,Fragaria ananassa,G. strawberry; Kan. Nela milli hannu; Kh. Strawberry/ soh stap; Mal. Stroberry; P. Lachi; Kash. Istaber; Tam. Strawberry.,Fruits,103,0.97,3.4,0.56,2.5,3.56,0.06621,0.00119
E064,"Tamarind, pulp",Tamarindus indicus,A. Teteli; B. Tetul; G. Amli; H. Imli; Kan. Hunise hannu; Kash. Tambari; Kh. Soh kyntoi; Mal. Puli; M. Mange; Mar. Chinch; N. Imali; O. Tentuli; P. Imli; S. Sucukrika; Tam. Puli; Tel. Chintha pandu; U. Imli.,Fruits,1207,2.92,67.35,0.15,5.31,52.88,0.02726,0.02492
E065,"Water melon, dark green (sugar baby)",Citrullus vulgaris,A. Tormuj; B. Tarmuj; E. Watermelon; G. Tadbuj; H. Tarbuj; Kan. Kallangadi; Kash. Hend wend; Kh. Soh watermelon; Kon. Bacchanga; Mal. Thannir mathan; M. Tarbuj; Mar. Kalingad; N. Kharbuja; O. Tarvuja; P. Dawana; Tam. Darbusani; Tel. Puchakaya; U. Tarbuja.,Fruits,85,0.6,3.86,0.16,0.7,3.66,0.0397,0.00189
E066,"Water melon, pale green",Citrullus vulgaris,A. Tormuj; B. Tarmuj; E. Watermelon; G. Tadbuj; H. Tarbuj; Kan. Kallangadi; Kash. Hend wend; Kh. Soh watermelon; Kon. Bacchanga; Mal. Thannir mathan; M. Tarbuj; Mar. Kalingad; N. Kharbuja; O. Tarvuja; P. Dawana; Tam. Darbusani; Tel. Puchakaya; U. Tarbuja.,Fruits,70,0.59,3.02,0.16,0.78,3,0.05033,0.00162
E067,Wood apple,Limonia acidissima,A. Bel; B. Koyeth Bael; E. Elephant apple; G. Kothu; H. Kaith; Kan. Bele; Kash. Bum choont; Mal. Vilam pazham; Mar. Kavath; O. Kaitha; P. Chaktora; S. Bilvaon (Gorakamli); Tam. Vilam pazham; Tel. Velega pandu; U. Beal.,Fruits,327,3.14,7.52,3.62,5.21,3.81,0.877,0.00148
E068,Zizyphus,Zizyphus jujuba,"A. Bogori; B. Kula; E. Jujube, Ziziphus; G. Ber; H. Ber; Kan. Yelachi; Kash. Brey; Kh. Soh broi heh; Kon. Bor; Mal. Elanth pazham; M. Boroi; Mar. Bor; O. Barakoli; P. Beri; S. Badarii; Tam. Elanthai pazham; Tel. Regu pandu; U. Ber.",Fruits,204,1.34,9.4,0.35,3.73,8.29,0.119,0.00152
F001,Beetroot,Beta vulgaris,"A. Beet; B. Beet; E. Beet root, Beet, Table beet, Garden beet, Red beet, Golden beet; G. Beet; H. Chukandar; Kan. Beet; Kh. U bit; Kash. Chogander munji; Mal. Beet root; Mar. Beet root; O. Bita; P. Chukandar; S. Paalangashaakah; Tam. Beet root; Tel. Beet root; U. Chokhandar.",Roots and Tubers,149,1.95,6.18,0.14,3.31,4.35,0.03117,0.06944
F002,"Carrot, orange",Dacus carota,A. Gajor; B. Gajar; G. Gajar; H. Gajar; Kan. Gajjare; Kash. Ghahzir; Kh. U kajor; Mal. Carrot; M. Gajar; Mar. Gajar; N. Gajar; O. Gajara; P. Gajar; S. Grunjanam; Tam. Carrot; Tel. Gajjara gadda; U. Gajar.,Roots and Tubers,139,0.95,5.55,0.47,4.18,3.23,0.08771,0.05233
F003,"Carrot, red",Dacus carota,A. Gajor; B. Gajar; G. Gajar; H. Gajar; Kan. Gajjare; Kash. Ghahzir; Kh. Kajor; Mal. Carrot; M. Gajar; Mar. Gajar; N. Gajar; O. Gajara; P. Gajar; S. Grunjanam; Tam. Carrot; Tel. Gajjara gadda; U. Gajar.,Roots and Tubers,160,1.04,6.71,0.47,4.49,3.96,0.08891,0.06069
F004,Colocasia,Colocasia antiquorum,A. Kosu; B. Kochu; E. Taro; G. Advi; H. Arwi; Kan. Samagadde; Kash. faram; Kh. Ka shriew; Mal. Chembu; M. Paan; Mar. Alu kanda; O. Saru; P. Arwi; Tam. Seppankizhangu; Tel. Chama dumpa; U. Arwi.,Roots and Tubers,372,3.31,17.85,0.17,3.22,0.9,0.04184,0.00454
F005,Lotus root,Nelumbium nelumbo,"A. podum thari; G. Kamad kakdi; H. Kamal gatta, Kamal kakdi; Kan. Tavare dantu; Kash. Nader; Kh. Thied lotus; Mal. Thamara thandu; M. Thambou; Mar. Kamalkaakdi; O. Padma nad; P. Kamal zahr; Tam. Thamaraithandu; Tel. Thamara kada; U. Kanwal kakri.",Roots and Tubers,332,1.94,14.67,0.93,4.7,0.24,0.249,0.02063
F006,"Potato, brown skin, big",Solanum tuberosum,A. Simolu aloo; B. Gal alu; G. Bateka; H. Alu; Kan. Alugadda; Kash. Oalu; Kh. U phan; Kon. Alu; N. Alu; Mal. Urula kizhangu; M. Aloo; Mar. Batata; O. Alu; P. Alu; S. Aalukah; Tam. Urulai kizhangu; Tel. Bangala dumpa; U. Alu.,Roots and Tubers,292,1.54,14.89,0.23,1.71,0.32,0.04356,0.00411
F007,"Potato, brown skin, small",Solanum tuberosum,"A. Simolu aloo; B. Gal alu; G. Bateka; H. Alu; Kan. Alugadda; Kash. Oalu; Kh. Phan rit; Kon. Alu; M. Aloo; Mar. Batata; N., O., P., U. Alu; S. Aalukah; Tam. Urulaikizhangu; Tel. Bangala dumpa.",Roots and Tubers,255,1.35,12.9,0.22,1.69,0.44,0.04403,0.00397
F008,"Potato, red skin",Solanum tuberosum,A. Aloo; B. Gal alu; G. Bateka; H. Alu; Kan. Alugadda; Kash. Oalu; Kh. Phan saw; Kon. Alu; Mal. Urula kizhangu; Mar. Batata; N. Alu; O. Alu; P. Alu; S. Aalukah; M. Aloo; Tam. Urulaikizhangu; Tel. Bangala dumpa; U. Alu.,Roots and Tubers,306,1.83,15.43,0.22,1.68,0.38,0.03987,0.00436
F009,"Radish, elongate, red skin",Raphanus sativus,A. Mula; B. Mula; G. Muda; H. Muli; Kan. Mullangi; Kh. Muli saw; Mal. Mullangi; Mar. Mula; N. Mula; O. Mula; P. Gonglu; S. Moolikaa; Tam. Mullangi; Tel. Mullangi; U. Mooli.,Roots and Tubers,134,0.67,6.71,0.13,2.46,1.15,0.04265,0.02473
F010,"Radish, elongate, white skin",Raphanus sativus,A. Mula; B. Mula; G. Muda; H. Muli; Kan. Mullangi; Kh. Muli lieh; Mal. Mullangi; Mar. Mula; N. Mula; O. Mula; P. Gonglu; S. Moolikaa; Tam. Mullangi; Tel. Mullangi; U. Mooli.,Roots and Tubers,135,0.77,6.56,0.15,2.65,0.95,0.04388,0.0282
F011,"Radish, round, red skin",Raphanus sativus,A. Mula; B. Mula; G. Muda; H. Muli; Kan. Mullangi; Kh. Muli pyllon; Mal. Mullangi; Mar. Mula; N. Mula; O. Mula; P. Gonglu; S. Moolikaa; Tam. Mullangi; Tel. Mullangi; U. Mooli.,Roots and Tubers,130,0.89,6.07,0.16,2.29,0.86,0.04608,0.03227
F012,"Radish, round, white skin",Raphanus sativus,A. Mula; B. Mula; G. Muda; H. Muli; Kan. Mullangi; Kh. Muli pyllon; Mal. Mullangi; Mar. Mula; N. Mula; O. Mula; P. Gonglu; S. Moolikaa; Tam. Mullangi; Tel. Mullangi; U. Mooli.,Roots and Tubers,129,0.8,6.13,0.14,2.37,1.16,0.04115,0.02414
F013,"Sweet potato, brown skin",Ipomoea batatas,A. Meetha aloo; B. Ranga alu; G. Sakkaria; H. Shakarkand; Kan. Genasu; Kh. Phankaro iong; Mal. Sakkarvalli kazhangu; M. Manghra; Mar. Ratalu; N. Sakhar Khand; O. Kandamula; P. Sakkargandi; Tam. Sakkarvalli kizhangu; Tel. Chilagada dumpa; U. Ratalu.,Roots and Tubers,456,1.33,24.25,0.26,3.99,3.63,0.0661,0.0296
F014,"Sweet potato, pink skin",Ipomoea batatas,A. Meetha aloo; B. Ranga alu; G. Sakkaria; H. Shakarkand; Kan. Genasu; Kh. Phankaro saw; Mal. Sakkarvalli kazhangu; M. Manghra; Mar. Ratalu; N. Sakhar Khand; O. Kandamula; P. Sakkargandi; Tam. Sakkarvalli kizhangu; Tel. Chilagada dumpa; U. Ratalu.,Roots and Tubers,452,1.27,23.93,0.33,3.94,4.03,0.101,0.02904
F015,Tapioca,Manihot esculenta,A. Sagi; B. Simla alu; G. Aararoot; H. Simla alu; Kan. Mra genasu; Kh. Phan dieng; Mal. Mrachini; M. U Manghra; Mar. Simla  Batata; N. Tarul; O. Kathakonda; P. Simla alu; Tam. Maravalli kizhangu; Tel. Krrapendalamu; U. Kasawa soji.,Roots and Tubers,334,1.03,17.81,0.2,4.61,2.14,0.0595,0.01086
F016,Water Chestnut,Eleocharis dulcis,"A.Pani singora; B. Pani phal; G. Shingoda; H., Mar. Shingara; Kash. Goer; Mal. Karimpolam; M. Kaothum; O. Pani singhara; P. Shingada; Tam. Singhara; Tel. Kubyakam.",Roots and Tubers,400,0.86,21.46,0.37,3.02,1.95,0.08742,0.01308
F017,"Yam, elephant",Amorphophallus paeoniifolius,"A. Ol kachu; B. Ol; E. Elephant foot yam, Whitespot giant arum; G. Suran; H. Zimikandha; Kan. Suvarna gadda; Kh. Shriew hati; Mal. Chena; M. Haa; Mar. Suran; O. Suran; P. Zimikand; Tam. Karunai kizhangu; Tel. Kandha dumpa.",Roots and Tubers,353,2.56,17.46,0.14,4.17,1.58,0.03572,0.01433
F018,"Yam, ordinary",Dioscorea strydomiana,"A. Kath aloo; B. Gherkochoo; E. White yam, Winged yam, Water yam, Purple yam; G. Ratadu; H. Sooran; Kan. Suvarna gadda; Kh. Shriew jrong; Mal. Chena; M. Haa; Mar. Goradu; N. Pidaloo; O. Khamba alu; S. Aalu; Tam. Karunai kizhangu; Tel. Durdakandagadda.",Roots and Tubers,349,2.18,17.65,0.17,4.08,1.15,0.04263,0.01528
F019,"Yam, wild",Dioscorea villosa,A. Jongoli kosu; B. Ranga alu; G. Ratadu; H. Suaralu; Kan. Hegganasu; Kh. Shriew lieh; Mal. Kattuchena; M. Haa; Mar. Suran; Tam. Kodi kizhangu; Tel. Chedu paddu dumpa.,Roots and Tubers,430,3.07,20.95,0.3,4.57,1.54,0.07951,0.0128
G001,"Chillies, green-1",Capsicum annum,A. Kesa jalakia; E. Chili pepper; G. Lila marcha; H. Hara Mirchi; Kan. Hasi Menasinakayi; Kash. Marach wangun; Kh. Sohmynken heh; Mal. Mulaku; M. Morok; Mar. Mulaku; N. Hariyo khursani; O. Kancha Lanka; P. Hara mirchi; S. Marichika; Tam. Pachhai milagai; Tel. Pacchi Mirapakaya; U. Hara mirchi.,Condiments and Spices,191,2.62,6.32,0.73,4.86,0.71,0.126,0.00332
G002,"Chillies, green-2",Capsicum annum,A. Kesa jalakia; E. Chili pepper; G. Lila marcha; H. Hara Mirchi; Kan. Hasi Menasinakayi; Kash. Marach wangun; Kh. Soh mynken dkhar; Mal. Mulaku; M. Morok; Mar. Mulaku; N. Hariyo khursani; O. Kancha Lanka; P. Hara mirchi; S. Marichika; Tam. Pachhai milagai; Tel. Pacchi Mirapakaya; U. Hara mirchi.,Condiments and Spices,167,2.28,5.27,0.75,5.13,1.05,0.131,0.00247
G003,"Chillies, green-3",Capsicum annum,A. Kesa jalakia; E. Chili pepper; G. Lila marcha; H. Hara Mirchi; Kan. Hasi Menasinakayi; Kash. Marach wangun; Kh. Soh mynken dkhar; Mal. Mulaku; M. Morok; Mar. Mulaku; N. Hariyo khursani; O. Kancha Lanka; P. Hara mirchi; S. Marichika; Tam. Pachhai milagai; Tel. Pacchi Mirapakaya; U. Hara mirchi.,Condiments and Spices,169,2.38,5.23,0.75,5.1,0.54,0.133,0.00256
G004,"Chillies, green-4",Capsicum annum,A. Kesa jalakia; E. Chili pepper; H. Hara Mirchi; Kan. Hasi Menasinakayi; Kash. Marach wangun; Kh. Soh mynken dkhar; Mal. Mulaku; M. Morok; Mar. Mulaku; N. Hariyo khursani; O. Kancha Lanka; P. Hara mirchi; S. Marichika; Tam. Pachhai milagai; Tel. Pacchi Mirapakaya; U. Hara mirchi.,Condiments and Spices,190,2.33,6.63,0.74,4.15,0.62,0.148,0.00194
G005,"Chillies, green-5",Capsicum annum,A. Kesa jalakia; E. Chili pepper; G. Vadhvani marcha; H. Hara Mirchi; Kan. Hasi Menasinakayi; Kash. Marach wangun; Kh. Soh mynken dkhar; Mal. Mulaku; M. Morok; Mar. Mulaku; N. Hariyo khursani; O. Kancha Lanka; P. Hara mirchi; S. Marichika; Tam. Pachhai milagai; Tel. Pacchi Mirapakaya; U. Hara mirchi.,Condiments and Spices,180,2.01,6.64,0.65,3.95,0.46,0.109,0.00219
G006,"Chillies, green-6",Capsicum annum,A. Kesa jalakia; E. Chili pepper; G. Lila marcha; H. Hara Mirchi; Kan. Hasi Menasinakayi; Kash. Marach wangun; Kh. Soh mynken dkhar; Mal. Mulaku; M. Morok; Mar. Mulaku; N. Hariyo khursani; O. Kancha Lanka; P. Hara mirchi; S. Marichika; Tam. Pachhai milagai; Tel. Pacchi Mirapakaya; U. Hara mirchi.,Condiments and Spices,175,3.01,5.31,0.64,5.15,0.59,0.121,0.00243
G007,"Chillies, green-7",Capsicum annum,A. Kesa jalakia; E. Chili pepper; G. Gola marcha; H. Hara Mirchi; Kan. Hasi Menasinakayi; Kash. Marach wangun; Kh. Soh mynken beb; Mal. Mulaku; M. Morok; Mar. Mulaku; N. Hariyo khursani; O. Kancha Lanka; P. Hara mirchi; S. Marichika; Tam. Pachhai milagai; Tel. Pacchi Mirapakaya; U. Hara mirchi.,Condiments and Spices,163,2.12,5.61,0.6,4.95,0.73,0.102,0.002
G008,"Chillies, green - all varieties",Capsicum annum,A. Kesa jalakia; E. Chili pepper; H. Hara Mirchi; Kan. Hasi Menasinakayi; Kash. Marach wangun; Kh. Soh mynken dkhar; Mal. Mulaku; M. Morok; Mar. Mulaku; N. Hariyo khursani; O. Kancha Lanka; P. Hara mirchi; S. Marichika; Tam. Pachhai milagai; Tel. Pacchi Mirapakaya; U. Hara mirchi.,Condiments and Spices,177,2.36,5.86,0.72,4.77,0.67,0.129,0.0025
G009,Coriander leaves,Coriandrum sativum,"A. Dhania paat; B. Dhone pata; E. Cilantro, Chinese parsley; G. Dhana pandada; H. Hara dhania; Kan. Kothambari; Kash. Daaniwal; Kh. Dhonia dkhar; Mal. Kothamalli; M. Fadhighom Mana; Mar. Kothimbir; N. Hario Dhaniya; O. Dhania Patra; P. Hara dhaniya patta; Tam. Kothamalli; Tel. Kothimiri; U. Hara dhaniya.",Condiments and Spices,130,3.52,1.93,0.7,4.66,0.17,0.228,0.037
G010,Curry leaves,Murraya koenigii,A. Narasingha paat; B. Karhi-pat; E. Sweet Neem leaves; G. Kadi umdo; H. Gandhela ; Kan. Karibevu; Kash. Curry patta; Kh. Sla Kori; Mal. Kariveppilai; M. Curry Pata; Mar. Gandhela; N. Kary patta; O. Bhursanga Patra; P. Kadhi patta; S. Girinimba; Tam. Kariveppilai; Tel. Karivepaku; U. Kadi ka patta.,Condiments and Spices,266,7.41,4.51,1.06,16.83,0.6,0.267,0.01866
G011,"Garlic, big cloves",Allium sativum,A. Nohoru; B. Rashun; G. Lasan; H. Lehsan; Kan. Bellulli; Kash. Ruhan; Kh. Rynsun heh/ Rynsun dkhar; Mal. Vellulli; M. Chanam; Mar. Lasoon; N. Lasun; O. Rasuna; P. Lasan; S. Lashoonam; Tam. Poondu; Tel. Vellulli; U. Laisan.,Condiments and Spices,518,6.92,21.93,0.16,5.22,5.97,0.03352,0.00942
G012,"Garlic, small cloves",Allium sativum,A. Nohoru; B. Rashun; G. Lasan; H. Lehsan; Kan. Bellulli; Kash. Ruhan; Kh. Rynsun rit; Mal. Vellulli; M. Chanam; Mar. Lasoon; N. Lasun; O. Rasuna; P. Lasan; S. Lashoonam; Tam. Poondu; Tel. Vellulli; U. Laisan.,Condiments and Spices,514,6.75,21.84,0.14,5.47,4.84,0.03263,0.01056
G013,"Garlic, single clove, Kashmir",Allium sativum,A. Nohoru; B. Ek koya Rashun; G. Lasan; H. Lehsan; Kan. Bellulli; Kash. Ruhan; Kh. Rynsun; Mal. Vellulli; M. Chanam; Mar. Lasoon; N. Lasun; O. Rasuna; P. Lasan; S. Lashoonam; Tam. Ottrai poondu; Tel. Vellulli; U. Laisan.,Condiments and Spices,523,6.12,23.46,0.16,4.01,3.73,0.03476,0.00887
G014,"Ginger, fresh",Zinziber officinale,A. Ada kesa; B. Ada; G. Adu; H. Adrak ; Kan. Shunti; Kash. Adrak; Kh. Sying bah; Mal. Inji; M. Sing; Mar. Ale; N. Aduwa; O. Ada; P. Adrak; S. Aadrak; Tam. Inji; Tel. Allam; U. Adrak.,Condiments and Spices,230,2.22,8.97,0.85,5.36,1.31,0.231,0.01003
G015,Mango ginger,Curcuma amada,A. Aam ada; B. Amada; G. Amba Hardar; H. Aam adhrak; Kan. Mavina hasi sunthi; Kash. Adrak; Kh. Sying makhir; Mal. Mangainji; Mar. Amba haldi; P. Aam adrak; Tam. Mainji; Tel. Mamidiallam; U. Aam adrak.,Condiments and Spices,177,1.45,6.98,0.7,4.74,2.42,0.177,0.00551
G016,Mint leaves,Mentha spicata,A. Podina; B. Pudina; E. Mentha; G. Phudino; H. Pudina; Kan. Pudina; Kash. Pudinth; Kh. Pudina; Mal. Pudina; M. Nungsihidak; Mar. Pudina; N. Baabari; O. Pudina Patra; P. Pudina; Tam. Pudina; Tel. Pudina; U. Pudina.,Condiments and Spices,155,4.66,2.39,0.65,5.89,0.08,0.125,0.01687
G017,"Onion, big",Allium cepa,"A. Piyanj; B. Peyaj; E. Bulb onion, Common onion; G. Kando; H. Pyaz; Kan. Eerulli; Kash. Gandha; Kh. Piat; Mal. Ulli; M. Tilhou; Mar. Kanda; N. Pyaj; O. Piaja; P. Gandhe; S. Palaanduh; Tam. Vengayam; Tel. Neerulli/Ullipaya; U. Pyaaz.",Condiments and Spices,201,1.5,9.56,0.24,2.45,5.88,0.06081,0.0055
G018,"Onion, small",Allium cepa,"A. Xoru Piyanj; B. Gundhun; E. Bulb onion, Common onion; G. Dungri (nani); H. Pyaaz Kali; Kan. Chikk Eerulli; Kash. Praan; Kh. Piat rit; Mal. Cheriya Ulli; M. Tilhou ; Mar. Kanda; N. Chayapi; P. Gandhe; Tam. Chinna vengayam; Tel. Chinna ullipaya; U. Pyaaz.",Condiments and Spices,237,1.82,11.58,0.16,1.16,5.62,0.04101,0.00406
G019,Asafoetida,Ferula assa-foetida,"A. Hing; B. Hing; E. Food of the Gods, Jowani Badian, Hengu, Ingu, Kayam, Ting; G. Hing; H. Hing ; Kan. Hingu; Kash. Yangu; Kh. U hing; Mal. Perungayam; M. Hing; Mar. Hing; N. Hing; O. Hingu; P. Hing; S. Badhika; Tam. Perugayam; Tel. Inguva; U. Hing.",Condiments and Spices,1387,6.34,71.95,1.26,5.13,0.93,0.242,0.01604
G020,"Cardamom, green",Elettaria cardamomum,A. Ilasi; B. Elach; E. True cardamom; G. Alechi; H. Elaychi; Kan. Yelakki; Kash. Aa’l budu’a aa’ l; Kh. Elaishi; Mal. Elakkai; M. Elaichi; Mar. Veldoda; N. Alaichi; O. Alaichi; P. Shoti elaychi; S. Ela; Tam. Elakkai; Tel. Elakkai; U. Elaichi.,Condiments and Spices,1067,8.1,47.76,2.6,23.1,4.28,0.624,0.01551
G021,"Cardamom, black",Elettaria cardamomum,"B. Boro elach; E. Hill cardamom, Bengal cardamom, Greater cardamom, Indian cardamom, Nepal cardamom, Winged cardamom, Brown cardamom; G. Moti alechi; A. Ilasi; H. Badi elaychi; Kan. Yelakki; Kash. Aa’l budu’a aa’ l; Kh. Elaichi; Mal. Elathari; M. Elaichi; Mar. Veldoda; N. Alaichi; O. Alaichi; P. Baddi elaychi; S. Ela; Tam. Elakkai; Tel. Elakkai; U. Elaichi.",Condiments and Spices,1132,6.69,52.53,2.8,23.46,2.3,0.493,0.01625
G022,"Chillies, red",Capsicum annum,A. Sukan jolokia; B. Shuckhuo Lonka; E. Red chilli pepper; G. Lal marcha (sukha); H. Mirchi; Kan. Ona Menasinakayi; Kh. Sohmynken trykhong; Mal. Mulaku; M. Morok Akangba; Mar. Mulaku; N. Rato Khursani; O. Lanka; P. Lal mircha; Tam. Varamilagai; Tel. Mirapakaya; U. Lal mirchi.,Condiments and Spices,990,12.69,29.46,6.4,31.15,4.7,1.141,0.01945
G023,Cloves,Syzygium aromaticum,A. Long; B. Lobong; G. Lavang; H. Lavang; Kan. Lavanga; Kash. Ruang; Kh. U long; Mal. Krambu; M. Long; Mar. Lavang; N. Luwang; O. Labang; P. Long; S. Lavanga; Tam. Krambu; Tel. Lavangu; U. Long.,Condiments and Spices,781,5.86,18.73,8.41,34.52,2.1,2.679,0.183
G024,Coriander seeds,Coriandrum sativum,"A. Dhoniya; B. Dhone; E. Cilantro seeds, Chinese parsley seeds; G. Sukha dhana; H. Dhania; Kan. Kothambari; Kash. Daaniwal; Kh. Symbai dhania; Mal. Kothambalari; M. Fadhighom Maru; Mar. Dhane; N. Dhania; O. Dhania; P. Dhania; S. Dhanyaka; Tam. Kothamalli vidhai; Tel. Dhaniyalu; U. Dhaniya.",Condiments and Spices,1125,10.66,12.98,17.47,44.81,2.38,0.952,0.03441
G025,Cumin seeds,Cuminum cyminum,A. Jeera; B. Jire; G. Jiru; H. Jira; Kan. Jeerage; Kash. Zyur; Kh. U jeera; Mal. Jeerakam; M. Jeera; Mar. Jira; N. Jeera; O. Jira; P. Jira; S. Jiraka; Tam. Jeerakam; Tel. Jeelakarra; U. Jira.,Condiments and Spices,1274,13.91,22.62,16.64,30.35,1.38,0.619,0.125
G026,Fenugreek seeds,Trigonella foenum graecum,A. Methi; B. Methi; G. Methi dana ; H. Methi; Kan. Menthe; Kash. Meeth; Kh. Symbai methi; Mal. Uluva; M. Methi; Mar. Methi; N. Methi; O. Methi; P. Methi; S. Methe; Tam. Venthayam; Tel. Menthulu; U. Methi.,Condiments and Spices,983,25.41,10.57,5.72,47.55,0.55,0.77,0.0402
G027,Mace,Myristica fragrans,B. Jayitri; E. Nutmeg; G. Javantri; H. Avithri; Kan. Jalwatur; Kash. Jalwatur; Mal. Jathipatri; Mar. Jaypatri; O. Jayitri; P. Jaipatri; Tam. Jathipatri; Tel. Japathri; U. Javantri.,Condiments and Spices,1488,6.24,26.51,24.41,20.31,0.85,9.304,0.02717
G028,Nutmeg,Myristica fragrans,"A. Jaiphal; B. Jayphal; E. Fragrant nutmeg, True nutmeg; G. Jayaphad; H. Jaiphal; Kan. Jayikayi mara; Kash. Zaaphal; Mal. Jathikai; Mar. Jayaphala; N. Jaiphal; O. Jaiphal; P. Jaiphal; S. Jatiphala; Tam. Jathikai; Tel. Jajikaya; U. Jaifal.",Condiments and Spices,1940,6.3,27.64,36.52,11.99,1.08,3.359,0.01431
G029,Omum,Trachyspermum ammi,"A. Ajwain; B. Joan; E. Ajwain, Ajowan, Ajowan caraway, Ajman, Bishop`s weed, Carom; G. Ajmo; H. Ajwan; Kan. Oma; Kash. Jawind; Kh. Paspron; Mal. Ayamothakam; Mar. Onva; O. Juani; P. Ajwain; S. Ajamoda; Tam. Omum; Tel. Vamu; U. Ajwain.",Condiments and Spices,1495,15.89,24.53,21.11,20.58,2.76,1.112,0.02858
G030,Pippali,Piper longum,"B. Pipul; E. Long pepper, Indian long pepper; G. Khus khus; H. Pipli; Kan. Kandan Lippili; Kh. Sohmarit khlaw; Mal. Tippali; Mar. Pimpli; O. Sarupippali; P.  Javantri; S. Pippali; Tam. Tippili; Tel. Pippallu; U. Pipul.",Condiments and Spices,906,10.53,35.7,2.27,34.14,2.75,0.602,0.01628
G031,"Pepper, black",Piper nigrum,"A. Kola jaluk; B. Golmarichi; E. Peppercorn; G. Mari; H. Kalimirchi; Kan. Kari menasu; Kash. Marutus; Kh. Soh marit; Mal. Kurumlaku; Mar. Mire; N. Marich; O. Golomarcho; P. Kalimirchi; S. Marich ushna, hapusha; Tam. Milagu; Tel. Mirayalu; U. Kaali Mirch.",Condiments and Spices,910,10.12,36.22,2.74,33.16,0.32,0.654,0.02408
G032,Poppy seeds,Papaver somniferum,A. Afoo guti; B. Posta; G. Aphina; H. Postdana; Kan. Afim; Kash. Khaskhash; Mal. Afiam; Mar. Khaskhas; N. Khus Khus; O. Postak; P. Khas Khas; S. Khasa; Tam. Khasakhasa; Tel. Gasagasalu; U. Khash Khash.,Condiments and Spices,1768,20.31,12.37,30.38,26.68,1.85,2.074,0.02535
G033,Turmeric powder,Curcuma domestica,A. Halodhi; B. Holud; G. Haddar; H. Haldi; Kan. Anashina; Kash. Lader; Kh. Shynrai; Mal. Manjal; M. Yaingang; Mar. Halad; N. Besar; O. Haladi; P. Haldi; S. Haladi; Tam. Manjal; Tel. Pasupu; U. Haldi.,Condiments and Spices,1174,7.66,49.22,5.03,21.38,1.23,1.634,0.02441
H001,Almond,Prunus amygdalus,A. China badam; B. Badam; G. Badam; H. Badam; Kan. Badam; Kash. Badam; Kh. Almon; Mal. Vatam kottai; M. Badam; Mar. Badam; N. Kagji Badam; O. Badam; P. Badam; Tam. Badam paruppu; Tel. Badam Pappu; U. Badam.,Nuts and Oil Seeds,2549,18.41,3.04,58.49,13.06,2.23,4.358,0.0015
H002,"Arecanut, dried, brown",Areca catechu,"A.Sufari; B. Supari; E. Areca nut, Betel nut; G. Sopari; H. Supari; Kan. Adike; Kash. Supari; Kh. Kwai tyrkhong; Mal. Adakka; M. Kwa Maru; Mar. Supari; N. Supari; O. Gua; P. Supari; S. Puuga; Tam. Kottai paakku; Tel. Vakka; U. Supari.",Nuts and Oil Seeds,1467,5.78,70.42,4.35,11.44,1.76,2.605,0.01206
H003,"Arecanut, dried, red color",Areca catechu,"A. Sufari; B. Supari; E. Areca nut, Betel nut; G. Sopari; H. Supari; Kan. Adike; Kash. Supaari; Kh. Kwai supari; Mal. Adakka; M. Kwa Maru; Mar. Supari; N. Supari; O. Gua; P. Supari; S. Puuga; Tam. Paakku; Tel. Vakka; U. Supari.",Nuts and Oil Seeds,1477,6.46,70.27,4.46,11.11,1.79,1.674,0.01713
H004,"Arecanut, fresh",Areca catechu,"A. Kesa tamul; B. Supari; E. Areca nut, Betel nut; G. Sopari; H. Supari; Kan. Adike; Kash. Supaari; Kh. Kwai im; Mal. Adakka; M. Kwa Maru; Mar. Supari; N. Supari; O. Gua; P. Supari; S. Puuga; Tam. Paakku; Tel. Vakka; U. Supari.",Nuts and Oil Seeds,1024,2.73,45,5.51,7.63,4.72,3.389,0.00553
H005,Cashew nut,Anacardium occidentale,A. Kaju badam; B. Hijli Badam; G. Kaju; H. Kaju; Kan. Geru beeja; Kash. Kaju; Kh. Soh kashu; Mal. Kasu andi; M. Kaju; Mar. Kaju; N. Kaju; O. Lanka ambu; P. Kaju; Tam. Mundiri paruppu; Tel. Jeedi pappu; U. Kaju.,Nuts and Oil Seeds,2438,18.78,25.46,45.2,3.86,3.11,7.816,0.009
H006,"Coconut, kernel, dry",Cocos nucifera,A. Dab narikol; B. Narkel; G. Kopra ni kachli; H. Nariyal; Kan. Thengini kai; Kash. Narjil; Kh. Snep kor trykhong; Mal. Thenga; M. Yubi Akangba; Mar. Narel; O. Nadia; P. Gola; Tam. Kopparai; Tel. Endu Kobbari; U. Khopra.,Nuts and Oil Seeds,2611,7.27,8.01,63.26,15.88,6.93,43.138,0.01668
H007,"Coconut, kernel, fresh",Cocos nucifera,A. Narikol; B. Narkel; G. Nariyad; H. Nariyal; Kan. Thengina kayi; Kash. Narjeel; Kh. Snep kor im; Mal. Karikku; M. Yubi; Mar. Narel; N. Naribel; O. Paida; P. Nariyal; S. Naarikela; Tam. Thenkai; Tel. Kobbari; U. Nariyel.,Nuts and Oil Seeds,1711,3.84,6.3,41.38,10.42,6.2,28.048,0.00812
H008,"Garden cress, seeds",Lepidium sativum,A. Soru manimunni ; B. Halim; G. Asadiyo; H. Halim; Kan. Allibija; Mal. Alivirai; Mar. Ahiva; P. Halim; Tam. Alivirai; Tel. Adityala.,Nuts and Oil Seeds,1863,23.36,33.66,23.74,8.27,0.91,4.101,0.02184
H009,"Gingelly seeds, black",Sesamum indicum,A. Kola til; B. Til; E. Sesame seeds; G. Kada tal; H. Til; Kan. Acchellu; Kash. Til; Kh. Nei iong; Mal. Ellu; M. Thoiding Amuba; Mar. Til; N. Teel; O. Rasi; P. Til; S. Til; Tam. Ellu; Tel. Nuvvulu; U. Til .,Nuts and Oil Seeds,2124,19.17,10.29,43.1,17.16,0.99,6.317,0.01591
H010,"Gingelly seeds, brown",Sesamum indicum,A. Matia rangar til; B. Til; E. Sesame seeds; G. Tal; H. Til; Kan. Acchellu; Kash. Til; Kh. Nei; Mal. Ellu; M. Thoiding; Mar. Til; N. Teel; O. Rasi; P. Til; S. Til; Tam. Ellu; Tel. Nuvvulu; U. Til.,Nuts and Oil Seeds,2161,21.61,9.76,43.22,17.21,1.39,6.25,0.01194
H011,"Gingelly seeds, white",Sesamum indicum,A. Boga til; B. Til; E. Sesame seeds; G. Safed tal; H. Til; Kan. Acchellu; Kash. Til; Kh. Nei; Mal. Ellu; M. Thoiding Angouba; Mar. Til; N. Teel; O. Rasi; P. Til; S. Til; Tam. Ellu; Tel. Nuvvulu; U. Til.,Nuts and Oil Seeds,2174,21.7,10.83,43.05,16.99,0.67,6.43,0.01543
H012,Ground nut,Arachis hypogea,"A. Badam; B. China badam; E. Peanut, Groundnut, Goober; G. Singdana; H. Moog phali; Kan. Kadale kayi; Kash. Moong phalli; Kh. Badam; Mal. Nilakkadalai; M. Leibak Hawai; Mar. Bhui mug; O. China badam; P. Moog phali; Tam. Verkadalai; Tel. Verusenaga; U. Moog phali.",Nuts and Oil Seeds,2176,23.65,17.27,39.63,10.38,4.42,8.144,0.01221
H013,Mustard seeds,Brassica nigra,A. Soriyah; B. Sorse; G. Rai; H. Rai; Kan. Sasuve; Kash. Assur; Kh. Symbai syrso; Mal. Kadugu; M. Hangham Maru; Mar. Mohori; N. Rayo; O. Sorisa; P. Rai; S. Sarssapa; Tam. Kadugu; Tel. Avalu; U. Rai.,Nuts and Oil Seeds,2132,19.51,16.8,40.19,14.1,5.07,2.112,0.00397
H014,Linseeds,Linum usitatissimum,"B. Tishi; E. Flax seeds, Common flax; G. Adsi; H. Alsi; Kan. Agasi; Kash. Ailsh; Mal. Cheruchana vithu; Mar. Jawas; O. Pesi; P. Alsi; S. Atasii; Tam. Ali vidai; Tel. Avise ginzalu; U. Alsi.",Nuts and Oil Seeds,1857,18.55,10.99,35.67,26.17,0.6,2.968,0.03293
H015,"Niger seeds, black",Guizotia abyssinica,A. Sorguja; B. Ram til; G. Kada tal; H. Kala til; Kan. Gurellu; Kash. Bazar-Bhang; Mal. Karim jeerakam; Mar. Karale; Tam. Kattelu; Tel. Valasulu.,Nuts and Oil Seeds,2144,18.92,22.98,38.61,10.93,1.75,5.945,0.0107
H016,"Niger seeds, grey",Guizotia abyssinica,A. Sorguja; B. Ram til; G. Tal; H. Kala til; Kan. Gurellu; Kash. Bazar-Bhang; Mal. Karim jeerakam; Mar. Karale; Tam. Kattelu; Tel. Valasulu.,Nuts and Oil Seeds,2128,18.34,20.59,39.53,10.96,0.41,9.737,0.00808
H017,Pine seeds,Pinus sp.,E. Pine nut; G. Chilgoza; H. Chilgoza; Kash. Chilgoza; Kh. Symbai soh kseh; Mar. Jhurane biya; P. Rhi.,Nuts and Oil Seeds,2486,12.55,26.77,48.79,3.79,4.67,3.801,0.00131
H018,Pistachio nuts,Pistacia vera,A. Pista; B. Pesta; G. Pista; H. Pista; Kan. Pista; Kash. Pista; Kh. Pista; Mal. Pista; Mar. Pista; N. Pista; O. Pista; P. Pista; Tam. Pista; Tel. Pista; U. Pista.,Nuts and Oil Seeds,2257,23.35,15.82,42.49,10.64,7.9,4.043,0.00693
H019,Safflower seeds,Carthamus tinctorius,B. Kusum; G. Kusumbo; H. Kardi; Kan. Kusambe; Kh. Symbai tiew sngi; Mal. Karadi; Mar. Karadi; Tam. Sendurkan vidhai; Tel. Kusuma ginzalu.,Nuts and Oil Seeds,1981,17.66,30.18,30.87,13.49,2.67,2.548,0.00305
H020,Sunflower seeds,Helianthus annuus,A. Beli phular guti; B. Suraj mukhi; G. Suraj mukhi na bee; H. Surya mukhi; Kan. Sryakanti bijagalu; Kh. Symbai tiew sngi; Mal. Suryakanthi; M. Numitlei Maru; Mar. Surya mukhi; O. Surjya Mukhi Manji; P. Suraj mukhi; Tam. Suryakanthi vidhai; Tel. Podduthirugidi puvvu ginzalu.,Nuts and Oil Seeds,2453,23.53,6.85,51.85,10.8,2.81,6.159,0.0019
H021,Walnut,Juglans regia,A. Akhrot; B. Akhrot; G. Akhrot; H. Akhrot; Kan. Akrodu; Kash. Dhoon; Kh. Walnut; Mal. Akrottandi; M. Heijukha; Mar. Akhrod; N. Okhar; O. Akhoot; P. Akhrot; Tam. Akhrot; Tel. Akrot kaya; U. Akhrut.,Nuts and Oil Seeds,2809,14.92,10.14,64.27,5.39,3.22,5.208,0.00133
I001,"Jaggery, cane",Saccharum officinarum,A. Gur; B. Gurh; G. God; H. Gud; Kan. Bella; Kash. Gor; Kh. Mithai Gur; Kon. Godd; Mal. Vellam; M. Chini Anganba; Mar. Gul; O. Guda; P. Gud; Tam. Mandavellam; Tel. Bellam; U. Gud.,Sugars,1480,1.85,84.87,0.16,0,84.32,0.06923,0.02538
I002,"Sugarcane, juice",Saccharum officinarum,A. Kunhiyar; B. Akher rosh; G. Sherdino ras; H. Ganne-ka-ras; Kan. Kabbina halu; Kash. Ganne rus; Kh. Soh Pai; Mal. Karumbin neeru; M. Chuhing; Mar. Usacha rasa; O. Aakhu Dorua; P. Ganne-da-ras; Tam. Karumbu charu; Tel. Cheruku rasam; U. Ganne-ke-ras.,Sugars,242,0.16,13.11,0.4,0.56,12.85,0.14,0.00116
J001,"Button mushroom, fresh",Agaricus sp.,"A. Mushroom; B. Banger chata; E. Common mushroom, Portobello mushroom; G. Biladi no top; Kan. Aanabay/Aanabe; Kash. Hadder; Kh. Tit budam; Mal. Kun koon; M. Chenghum; Mar. Bhoochhtra; O. Chatu; P. Khoomba; Tam. Kaalaan; Tel. Putta Godugu.",Mushrooms,115,3.68,1.98,0.42,3.11,0.1,0.06289,0.00772
J002,"Chicken mushroom, fresh",Lactiporus sp.,A. Mushroom; B. Banger chata; G. Biladi no top; Kan. Aanabay/Aanabe; Kash. Hadder; Kh. Tit tyndong; Mal. Kun koon; M. Chenghum; Mar. Bhoochhtra; O. Chatu; P. Khoomba; Tam. Kaalaan; Tel. Putta Godugu.,Mushrooms,89,1.84,2.76,0.25,1.99,0.1,0.0596,0.01022
J003,"Shiitake mushroom, fresh",Lentinula sp.,A. Mushroom; B. Banger chata; G. Biladi no top; Kan. Aanabay/Aanabe; Kash. Hadder; Mal. Kun koon; M. Uyen; Mar. Bhoochhtra; O. Chatu; P. Khoomba; Tam. Kaalaan; Tel. Putta Godugu.,Mushrooms,243,3.19,8.98,0.76,3.02,0.2,0.116,0.0093
J004,"Oyster mushroom, dried",Pleurotus sp.,B. Banger chata; G. Biladino top; Kan. Aanabay/Aanabe; Kash. Hadder; Mal. Kun koon; M. Chenghum; Mar. Bhoochhtra; O. Chatu; P. Khoomba; Tam. Kaalaan; Tel. Putta Godugu.,Mushrooms,1019,19.04,33.07,2.86,39.12,0.68,0.422,0.00867
K001,Toddy,,"A. Tari; B. Tari; E. Palm wine; Kan. Henda; G. Tadi; H. Tarai; Kh. Kiad lieh; Mar., O. Tadi; P. Todhi; Mal., Tam., Tel. Kallu.",Miscellaneous Foods,101,0.18,5.72,0.03,0,5.73,0.03065,0.00164
K002,Coconut water,Cocos nucifera,A. Dab narikolor pani; B. Daberjal; G. Nariyad nu pani; H. Nariyal ka pani; Kan. Thenga neeru; Kash. Narji pooen; Kh. Um snepkor; Mal. Thenga vellam; M. Yubi Mahi; Mar. Naral pani; O. Paida pani; P. Gola da pani; Tam. Ilaneer; Tel. Kobbari neeru.,Miscellaneous Foods,64,0.26,3.16,0.16,0,3.06,0.09349,0.02809
L001,"Milk, whole, Buffalo",,A. Mohor gakhir; B. Dudha (Mosher); G. Bhes nu dhudh; H. Bhains ka dhood; Kan. Uemma halu; Kash. Doodh; Kh. Dud muid; Mal. Kerbau paal; M. Eroi Sanghom; Mar. Doodh (Maish); O. Mainsi dudha; P. Maz da doodh; Tam. Erumaipal; Tel. Gedha/Barre palu.,Milk and Milk Products,449,3.68,8.39,6.58,0,5.34,4.63,0.0301
L002,"Milk, whole, Cow",,A. Garoor gakhir; B. Doodh (garu); G. Gai nu dhudh; H. Gai ka doodh; Kan. Hasuvina halu; Kash. Doodh; Kh. Dud masi; M. San Sanghom; Mar. Doodh (gay); O. Gai dudha; P. Gaan da doodh; S. Gow kshiram; Tam. Pasumpaal; Tel. Aavu paalu.,Milk and Milk Products,305,3.26,4.94,4.48,0,4.89,2.707,0.02546
L003,Paneer,,A. Paneer; B. Chena; E. Cottage Cheese; G. Paneer; H. Chhena; Kan. Tali; Kash. Chaman; Kh. Paneer; Mal. Palkatti; M. Channa; O. Chhena; P. Paneer; Tam. Paladai; Tel. Paalavirugudu.,Milk and Milk Products,1079,18.86,12.41,14.78,0,11.57,8.851,0.01804
L004,Khoa,,"A. Khoa; B., H., Kan., Mal., P., Tel. Khoa; G. Mavo; Kash. Khoya; Kh. Malai khowa; O. Khua; P. Khoya; Tam. Thirattupal.",Milk and Milk Products,1322,16.34,16.53,20.62,0,16.14,12.936,0.0481
M001,"Egg, poultry, whole, raw",,A. Koni; B. Dim; G. Indu; H. Anda; Kan. Motte; Kash. Thool; Kh. Pylleng; Kon. Tandri/Tanti; Mal. Mutta; M. Yairum; Mar. Ande; N. Anda/Phool; O. Anda; P. Anda; Tam. Muttai; Tel. Guddu; U. Anda.,Egg and Egg Products,564,13.28,0,9.15,0,0,2.958,0.123
M002,"Egg, poultry, white, raw",,A. Koni Boga; B. Dimer Shada Ongsho; G. Indu no Safed Bhaag; H. Ande ki Safedi; Kan. Motteya Bili; Kash. Thool Safed Hissa; Kh. Pylleng Lieh; Kon. Tantyacho Dhovo Bhag; Mal. Muttayude Vella; M. Yairum Angouba; Mar. Andyacha Pandhra Balak; N. Andako Seto Bhag; O. Andara Dhala Ansa; P. Ande di Safedi; Tam. Muttai Vellai Karu; Tel. Guddu Tella Sona; U. Ande ki Safedi.,Egg and Egg Products,187,10.84,0,0.06,0,0,0,0.166
M003,"Egg, poultry, yolk, raw",,A. Koni Halodhiya; B. Dimer Kushum; G. Indu ni Pili Jardi; H. Ande ki Zardi; Kan. Motteya Haladi; Kash. Thool Pila Hissa; Kh. Pylleng Stem; Kon. Tantyacho Holduvo Bhag; Mal. Muttayude Manja; M. Yairum Amanba; Mar. Andyacha Pivla Balak; N. Andako Pahenlo Bhag; O. Andara Haladia Ansa; P. Ande di Zardi; Tam. Muttai Manjal Karu; Tel. Guddu Pacha Sona; U. Ande ki Zardi.,Egg and Egg Products,1242,15.74,0,26.34,0,0,8.58,0.04633
M004,"Egg, poultry, whole, boiled",,A. Xijoa Koni; B. Sheddho Dim; G. Bafelu Indu; H. Ubla Anda; Kan. Beyisida Motte; Kash. Hukyun Thool; Kh. Pylleng Thnam; Kon. Ukdil'lem Tanti; Mal. Puzhungiya Mutta; M. Yairum Tathpa; Mar. Ukadalele Ande; N. Usineko Anda; O. Sijha Anda; P. Ublia Anda; Tam. Avitha Muttai; Tel. Udikinchina Guddu; U. Ubla Anda.,Egg and Egg Products,618,13.43,0,10.54,0,0,3.464,0.121
M005,"Egg, poultry, white, boiled",,A. Xijoa Koni Boga; B. Sheddho Dimer Shada; G. Bafelu Indu no Safed Bhaag; H. Ubla Safedi; Kan. Beyisida Motteya Bili; Kash. Hukyun Thool Safed; Kh. Pylleng Lieh Thnam; Kon. Ukdil'lem Dhovo Bhag; Mal. Puzhungiya Vella; M. Yairum Angouba Tathpa; Mar. Ukadlela Pandhra Balak; N. Usineko Seto Bhag; O. Sijha Andara Dhala Ansa; P. Ubli Safedi; Tam. Avitha Muttai Vellai; Tel. Udikinchina Tella Sona; U. Ubli Safedi.,Egg and Egg Products,220,12.37,0,0.26,0,0,0,0.144
M006,"Egg, poultry, yolk, boiled",,A. Xijoa Koni Halodhiya; B. Sheddho Dimer Kushum; G. Bafelu Indu ni Pili Jardi; H. Ubla Zardi; Kan. Beyisida Motteya Haladi; Kash. Hukyun Thool Pila; Kh. Pylleng Stem Thnam; Kon. Ukdil'lem Holduvo Bhag; Mal. Puzhungiya Manja; M. Yairum Amanba Tathpa; Mar. Ukadlela Pivla Balak; N. Usineko Pahenlo Bhag; O. Sijha Andara Haladia Ansa; P. Ubli Zardi; Tam. Avitha Muttai Manjal; Tel. Udikinchina Pacha Sona; U. Ubli Zardi.,Egg and Egg Products,1290,16.13,0,27.46,0,0,8.819,0.04483
M007,"Egg, poultry, omlet",,H. Aamlet; O. Anda Bhaja; P. Aamlet; Tam. Muttai Dosai; U. Aamlet.,Egg and Egg Products,710,16.53,0,11.6,0,0,3.179,0.169
M008,"Egg, country hen, whole, raw",,A. Ghironiya Murgir Koni; B. Deshi Murgir Dim; G. Desi Marghi nu Indu; H. Desi Murgi ka Anda; Kan. Naati Koli Motte; Kash. Desi Kokur Thool; Kh. Syiar Shnong Pylleng; Kon. Gavtti Kombiechem Tanti; Mal. Naadan Kozhi Mutta; M. Yumshan Yen Yairum; Mar. Gavran Kombdiche Ande; N. Sthaniya Kukhura ko Anda; O. Desi Kukuda Anda; P. Desi Murgi da Anda; Tam. Naattu Kozhi Muttai; Tel. Naatu Kodi Guddu; U. Desi Murghi ka Anda.,Egg and Egg Products,704,13.14,0,13,0,0,3.792,0.157
M009,"Egg, country hen, whole, boiled",,A. Xijoa Ghironiya Murgir Koni; B. Sheddho Deshi Murgir Dim; G. Bafelu Desi Marghi nu Indu; H. Ubla Desi Murgi ka Anda; Kan. Beyisida Naati Koli Motte; Kash. Hukyun Desi Kokur Thool; Kh. Pylleng Syiar Shnong Thnam; Kon. Ukdil'lem Gavtti Kombiechem Tanti; Mal. Puzhungiya Naadan Kozhi Mutta; M. Yumshan Yen Yairum Tathpa; Mar. Ukadlele Gavran Kombdiche Ande; N. Usineko Sthaniya Kukhura ko Anda; O. Sijha Desi Kukuda Anda; P. Ublia Desi Murgi da Anda; Tam. Avitha Naattu Kozhi Muttai; Tel. Udikinchina Naatu Kodi Guddu; U. Ubla Desi Murghi ka Anda.,Egg and Egg Products,767,14.43,0,14.1,0,0,4.074,0.149
M010,"Egg, country hen, omlet",,H. Desi Aamlet; O. Desi Anda Bhaja; P. Desi Aamlet; Tam. Naattu Kozhi Muttai Dosai; U. Desi Aamlet.,Egg and Egg Products,855,14.8,0,16.3,0,0,4.886,0.157
M011,"Egg, duck, whole, boiled",,A. Xijoa Hahor Koni; B. Sheddho Haasher Dim; G. Bafelu Batak nu Indu; H. Ubla Batakh ka Anda; Kan. Beyisida Batu Motte; Kash. Hukyun ?. Thool; Kh. ?. Pylleng Thnam; Kon. Ukdil'lem ?. Tanti; Mal. Puzhungiya Thaaraavu Mutta; M. Nganu Yairum Tathpa; Mar. Ukadlele Badak Ande; N. Usineko Haas ko Anda; O. Sijha Bataka Anda; P. Ublia Batakh da Anda; Tam. Avitha Vaathu Muttai; Tel. Udikinchina Baathu Guddu; U. Ubla Batakh ka Anda.,Egg and Egg Products,738,13.8,0,13.61,0,0,3.598,0.11
M012,"Egg, duck, whole, raw",,A. Hahor Koni; B. Haasher Dim; G. Batak nu Indu; H. Batakh ka Anda; Kan. Batu Motte; Kash. ?. Thool; Kh. ?. Pylleng; Kon. ?. Tanti; Mal. Thaaraavu Mutta; M. Nganu Yairum; Mar. Badak Ande; N. Haas ko Anda; O. Bataka Anda; P. Batakh da Anda; Tam. Vaathu Muttai; Tel. Baathu Guddu; U. Batakh ka Anda.,Egg and Egg Products,760,14.6,0,13.83,0,0,3.373,0.113
M013,"Egg, duck, whole, omlet",,H. Batakh Aamlet; O. Bataka Anda Bhaja; P. Batakh Aamlet; Tam. Vaathu Muttai Dosai; U. Batakh Aamlet.,Egg and Egg Products,804,15.1,0,14.8,0,0,3.871,0.175
M014,"Egg, quial, whole, raw",,A. ?. Koni; B. Bater Dim; G. ?. Indu; H. Bater ka Anda; Kan. ?. Motte; Kash. ?. Thool; Kh. ?. Pylleng; Kon. ?. Tanti; Mal. Kaada Mutta; M. ?. Yairum; Mar. Lavari Ande; N. Batai ko Anda; O. Batera Anda; P. Bater da Anda; Tam. Kaadai Muttai; Tel. Burusu Pitta Guddu; U. Bater ka Anda.,Egg and Egg Products,635,12.39,0,11.46,0,0,2.788,0.132
M015,"Egg, quial, whole, boiled",,A. Xijoa ?. Koni; B. Sheddho Bater Dim; G. Bafelu ?. Indu; H. Ubla Bater ka Anda; Kan. Beyisida ?. Motte; Kash. Hukyun ?. Thool; Kh. ?. Pylleng Thnam; Kon. Ukdil'lem ?. Tanti; Mal. Puzhungiya Kaada Mutta; M. ?. Yairum Tathpa; Mar. Ukadlele Lavari Ande; N. Usineko Batai ko Anda; O. Sijha Batera Anda; P. Ublia Bater da Anda; Tam. Avitha Kaadai Muttai; Tel. Udikinchina Burusu Pitta Guddu; U. Ubla Bater ka Anda.,Egg and Egg Products,647,13.03,0,11.5,0,0,2.726,0.13
N001,"Chicken, poultry, leg, skinless",,A. Murgir Theng/Bhori; B. Murgir Thyang/Ran; G. Marghi ni Tang; H. Murga Tang/Murgi ki Raan; Kan. Koli Kaalu; Kh. Syiar Kjat; Kon. Kombi Paayn/Paanv; Mal. Kozhi Kaal; M. Yen Khong; Mar. Kombdi Tangdi/Mandi; N. Kukhura ko Khutta; O. Kukuda Goda; P. Murge di Latt/Raan; Tam. Kozhi Kaal; Tel. Kodi Kaallu; U. Murgh ki Tang/Raan.,Poultry,1605,19.44,0,12.64,0,0,1.157,0.06507
N002,"Chicken, poultry, thigh, skinless",,A. Murgir Ran; B. Murgir Ran; G. Marghi ni Saathal; H. Murge ki Raan/Jangh; Kan. Koli Thode; Kh. Syiar Lbong; Kon. Kombiecho Mandi; Mal. Kozhi Thuda; M. Yenpham; Mar. Kombdichi Mandi; N. Kukhura ko Tighra; O. Kukuda Ran; P. Murge di Patt/Raan; Tam. Kozhi Thodai; Tel. Kodi Thodala Mamsam; U. Murgh ki Raan.,Poultry,836,18.18,0,14.23,0,0,1.071,0.06459
N003,"Chicken, poultry, breast, skinless",,A. Murgir Buku; B. Murgir Book; G. Marghi ni Chhaati; H. Murge ka Seena; Kan. Koli Ede Mamsa; Kh. Syiar Shadem; Kon. Kombiechem Hadoo; Mal. Kozhi Maaridam/Nenju; M. Yen Thangbak; Mar. Kombdichi Chhaati; N. Kukhura ko Chhati; O. Kukuda Chhati; P. Murge da Seena; Tam. Kozhi Maarbu Kari; Tel. Kodi Chaati Mamsam; U. Murgh ka Seena.,Poultry,704,21.81,0,9,0,0,0.816,0.0367
N004,"Chicken, poultry, wing, skinless",,A. Murgir Pakhi; B. Murgir Dana/Pakha; G. Marghi ni Pankh; H. Murge ka Par/Pankh; Kan. Koli Rekke; Kh. Syiar Thapniang; Kon. Kombiechem Pakhattem; Mal. Kozhi Chiraku; M. Yen Manam; Mar. Kombdiche Pankh; N. Kukhura ko Pankheta; O. Kukuda Dena; P. Murge da Par; Tam. Kozhi Irakkai; Tel. Kodi Rekka; U. Murgh ka Par.,Poultry,807,17.42,0,13.81,0,0,1.241,0.07278
N005,"Poultry, chicken, liver",,A. Murgir Kolija; B. Murgir Mete/Kolija; G. Marghi nu Kaleju; H. Murge ki Kaleji; Kan. Koli Yakrit/Pittakosha; Kh. Syiar Dohjem; Kon. Kombiechem Kalliz; Mal. Kozhi Karal; M. Yen Thin; Mar. Kombdiche Kaleji; N. Kukhura ko Kalejo; O. Kukuda Kalija; P. Murge di Kaleji; Tam. Kozhi Eeral; Tel. Kodi Kaleyam; U. Murgh ki Kaleji.,Poultry,518,21.57,0,4.08,0,0,1.328,0.06158
N006,"Poultry, chicken, gizzard",,A. Murgir Pathri; B. Murgir Gila; G. Marghi ni Pathri; H. Murge ki Pathri/Sangdana; Kan. Koli Gijjarda; Kh. ?. ; Kon. Kombiechem Pot; Mal. Kozhi Avanakkaaya; M. Yen Kok; Mar. Kombdiche Pot/Vajri; N. Kukhura ko Jyanamara; O. Kukuda Pathri; P. Murge di Pathri; Tam. Kozhi Gundaikkai; Tel. Kodi Gizzardu; U. Murgh ki Pathri.,Poultry,386,18.22,0,2.07,0,0,0.772,0.0506
N007,"Country hen, leg, with skin",,A. Ghironiya Murgir Theng/Bhori; B. Deshi Murgir Thyang/Ran; G. Desi Marghi ni Tang; H. Desi Murge ki Tang/Raan; Kan. Naati Koli Kaalu; Kh. Syiar Shnong Kjat; Kon. Gavtti Kombiecho Paayn; Mal. Naadan Kozhi Kaal; M. Yumshan Yen Khong; Mar. Gavran Kombdichi Tangdi; N. Sthaniya Kukhura ko Khutta; O. Desi Kukuda Goda; P. Desi Murge di Latt/Raan; Tam. Naattu Kozhi Kaal; Tel. Naatu Kodi Kaallu; U. Desi Murgh ki Tang/Raan.,Poultry,723,17.01,0,11.73,0,0,0.534,0.05046
N008,"Country hen, thigh, with skin",,A. Ghironiya Murgir Ran; B. Deshi Murgir Ran; G. Desi Marghi ni Saathal; H. Desi Murge ki Raan/Jangh; Kan. Naati Koli Thode; Kh. Syiar Shnong Lbong; Kon. Gavtti Kombiecho Mandi; Mal. Naadan Kozhi Thuda; M. Yumshan Yenpham; Mar. Gavran Kombdichi Mandi; N. Sthaniya Kukhura ko Tighra; O. Desi Kukuda Ran; P. Desi Murge di Patt/Raan; Tam. Naattu Kozhi Thodai; Tel. Naatu Kodi Thodala Mamsam; U. Desi Murgh ki Raan.,Poultry,785,18.29,0,12.82,0,0,0.61,0.05114
N009,"Country hen, breast, with skin",,A. Ghironiya Murgir Buku; B. Deshi Murgir Book; G. Desi Marghi ni Chhaati; H. Desi Murge ka Seena; Kan. Naati Koli Ede Mamsa; Kh. Syiar Shnong Shadem; Kon. Gavtti Kombiechem Hadoo; Mal. Naadan Kozhi Maaridam/Nenju; M. Yumshan Yen Thangbak; Mar. Gavran Kombdichi Chhaati; N. Sthaniya Kukhura ko Chhati; O. Desi Kukuda Chhati; P. Desi Murge da Seena; Tam. Naattu Kozhi Maarbu Kari; Tel. Naatu Kodi Chaati Mamsam; U. Desi Murgh ka Seena.,Poultry,753,22.08,0,10.2,0,0,0.419,0.02313
N010,"Country hen, wing, with skin",,A. Ghironiya Murgir Pakhi; B. Deshi Murgir Dana/Pakha; G. Desi Marghi ni Pankh; H. Desi Murge ka Par/Pankh; Kan. Naati Koli Rekke; Kh. Syiar Shnong Thapniang; Kon. Gavtti Kombiechem Pakhattem; Mal. Naadan Kozhi Chiraku; M. Yumshan Yen Manam; Mar. Gavran Kombdiche Pankh; N. Sthaniya Kukhura ko Pankheta; O. Desi Kukuda Dena; P. Desi Murge da Par; Tam. Naattu Kozhi Irakkai; Tel. Naatu Kodi Rekka; U. Desi Murgh ka Par.,Poultry,764,18.65,0,12.09,0,0,0.688,0.05415
N011,"Duck, meat, with skin",,A. Hahor Mangho; B. Haasher Mangsho; G. Batak nu Mas; H. Batakh ka Gosht; Kan. Batu Mamsa; Kh. Doh Sniang; Kon. Badkachem Maas; Mal. Thaaraavu Irachi; M. Nganu Sha; Mar. Badakache Mas; N. Haas ko Masu; O. Bataka Mansa; P. Batakh da Gosht; Tam. Vaathu Irachi; Tel. Baathu Mamsam; U. Batakh ka Gosht.,Poultry,547,19.07,0,6.03,0,0,0.345,0.08225
N012,"Emu, meat, skinless",,H. Emu Gosht; Tam. Emu Kari; Tel. Emu Mamsam. (Names in other languages are less common or borrowed).,Poultry,556,22.65,0,4.62,0,0,0.2,0.04848
N013,"Guinea fowl, meat, with skin",,H. Guinea Murga Gosht; Tam. Guinea Kozhi Kari; Tel. Guinea Kodi Mamsam. (Names often descriptive combinations).,Poultry,469,20.52,0,3.24,0,0,1.138,0.05764
N014,"Pigeon, meat, with skin",,A. Paror Mangho; B. Payra Mangsho; G. Kabutar nu Mas; H. Kabutar ka Gosht; Kan. Paarivaala Mamsa; Kh. Paro Doh; Kon. Parveachem Maas; Mal. Praavu Irachi; M. Khunu Sha; Mar. Kabutarache Mas; N. Parewa ko Masu; O. Para Mansa; P. Kabutar da Gosht; Tam. Puraa Irachi; Tel. Paavuramu Mamsam; U. Kabutar ka Gosht.,Poultry,528,17.94,0,6.03,0,0,1.828,0.0561
N015,"Quail, meat, skinless",,A. ?. Mangho; B. Bater Mangsho; G. ?. Mas; H. Bater ka Gosht; Kan. ?. Mamsa; Kh. ?. Doh; Kon. ?. Maas; Mal. Kaada Irachi; M. ?. Sha; Mar. Lavari Mas; N. Batai ko Masu; O. Batera Mansa; P. Bater da Gosht; Tam. Kaadai Irachi; Tel. Burusu Pitta Mamsam; U. Bater ka Gosht.,Poultry,576,20.92,0,5.95,0,0,2.024,0.05621
N016,"Turkey, leg, with skin",,H. Turkey ki Tang/Raan; Tam. Turkey Kaal; Tel. Turkey Kaallu. (Often borrowed name + leg term).,Poultry,647,20.3,0,8.15,0,0,0.98,0.06647
N017,"Turkey, thigh, with skin",,H. Turkey ki Raan/Jangh; Tam. Turkey Thodai; Tel. Turkey Thodalu.,Poultry,581,20.46,0,6.31,0,0,1.015,0.05001
N018,"Turkey, breast, with skin",,H. Turkey ka Seena; Tam. Turkey Maarbu Kari; Tel. Turkey Chaati Mamsam.,Poultry,671,21.96,0,8.04,0,0,0.934,0.04045
N019,"Turkey, wing, with skin",,H. Turkey ka Par/Pankh; Tam. Turkey Irakkai; Tel. Turkey Rekka.,Poultry,771,21.91,0,10.77,0,0,0.897,0.057
O001,"Goat, shoulder, meat",,A. Sagolir Kandh; B. Pathar Kandh; G. Bakri no Khabho; H. Bakre ka Kandha/Dast; Kan. Aadina/Meke Bhujada Mamsa; Kh. Blang Tyrpeng; Kon. Bokdyaacho Khand; Mal. Aattin Chumal Irachi; M. Hameng Leikha?; Mar. Bakriche Khande; N. Bakhrako Kaandh; O. Chheli Kandha Mansa; P. Bakre da Modha; Tam. Aattu Tholpattai Kari; Tel. Meka Bhujamu Mamsam; U. Bakre ka Kandha/Shana.,Animal Meat,787,20.33,0,11.94,0,0,5.444,0.04731
O002,"Goat, chops",,B. Pathar Chaap; H. Bakre ki Champ; P. Bakre di Champ; U. Bakre ki Champ. (Often borrowed term 'Chop/Champ').,Animal Meat,568,20.39,0,5.98,0,0,2.877,0.04572
O003,"Goat, legs",,A. Sagolir Theng; B. Pathar Thyang; G. Bakri na Tang; H. Bakre ki Tangein; Kan. Aadina/Meke Kaalugalu; Kh. Blang Kjat; Kon. Bokdyaachem Paayn; Mal. Aattin Kaalukal; M. Hameng Khong; Mar. Bakriche Paay; N. Bakhrako Khutta; O. Chheli Goda; P. Bakre di Lattein; Tam. Aattu Kaalgal; Tel. Meka Kaallu; U. Bakre ki Tangein.,Animal Meat,669,22.07,0,7.94,0,0,3.665,0.04277
O004,"Goat, brain",,A. Sagolir Mogoj; B. Pathar Magaj; G. Bakri nu Bheju; H. Bakre ka Bheja/Maghaz; Kan. Aadina/Meke Medulu; Kh. Blang Jynkhlieh; Kon. Bokdyaacho Mendu; Mal. Aattin Thalacchoru; M. Hameng Kok?; Mar. Bakricha Mendu; N. Bakhrako Gidi; O. Chheli Mogoj; P. Bakre da Bheja; Tam. Aattu Moolai; Tel. Meka Medadu; U. Bakre ka Maghaz.,Animal Meat,533,13.82,0,8.06,0,0,2.138,0.132
O005,"Goat, tongue",,A. Sagolir Jibha; B. Pathar Jibh; G. Bakri ni Jeebh; H. Bakre ki Zabaan/Jeebh; Kan. Aadina/Meke Naalige; Kh. Blang Thyndiat?; Kon. Bokdyaachi Jeeb; Mal. Aattin Naavu; M. Hameng Lei; Mar. Bakrichi Jeebh; N. Bakhrako Jibro; O. Chheli Jibha; P. Bakre di Jeebh; Tam. Aattu Naakku; Tel. Meka Naluka; U. Bakre ki Zabaan.,Animal Meat,789,16.63,0,13.68,0,0,5.028,0.118
O006,"Goat, lungs",,A. Sagolir Phopsa; B. Pathar Phusphus; G. Bakri na Fefsa; H. Bakre ke Phephde; Kan. Aadina/Meke Shwasakosha; Kh. Blang Tor?; Kon. Bokdyaachem Kalsanchem?; Mal. Aattin Shwasakosham; M. Hameng Thamoimon?; Mar. Bakriche Phupphus; N. Bakhrako Phokso; O. Chheli Phusphus; P. Bakre de Phephde; Tam. Aattu Nuraiyeeral; Tel. Meka Oopirithitthulu; U. Bakre ke Phephde.,Animal Meat,401,16.86,0,3.09,0,0,1.564,0.08572
O007,"Goat, heart",,A. Sagolir Hirdaya; B. Pathar Hritpinda; G. Bakri nu Haiyu/Dil; H. Bakre ka Dil; Kan. Aadina/Meke Hrudaya; Kh. Blang Klongsnam?; Kon. Bokdyaachem Kalliz; Mal. Aattin Hrudayam; M. Hameng Thamoi; Mar. Bakriche Kallij/Rudhaya; N. Bakhrako Mutu; O. Chheli Hritpinda; P. Bakre da Dil; Tam. Aattu Idhayam; Tel. Meka Gunde; U. Bakre ka Dil.,Animal Meat,492,19.38,0,4.4,0,0,1.939,0.07321
O008,"Goat, liver",,A. Sagolir Kolija; B. Pathar Mete/Kolija; G. Bakri nu Kaleju; H. Bakre ki Kaleji; Kan. Aadina/Meke Yakrit; Kh. Blang Dohjem; Kon. Bokdyaachem Kalliz; Mal. Aattin Karal; M. Hameng Thin; Mar. Bakriche Kaleji; N. Bakhrako Kalejo; O. Chheli Kalija; P. Bakre di Kaleji; Tam. Aattu Eeral; Tel. Meka Kaleyam; U. Bakre ki Kaleji.,Animal Meat,526,20.32,0,4.88,0,0,1.77,0.05541
O009,"Goat, tripe",,B. Pathar Bhuri/Butt; H. Bakre ki Ojri/Boti; Mal. Aattin Kudal; Mar. Bakrichi Vajri; O. Chheli Ojhri; P. Bakre di Ojri; Tam. Aattu Kudal; Tel. Meka Pottikadupu; U. Bakre ki Ojri.,Animal Meat,386,15.36,0,3.36,0,0,1.682,0.02238
O010,"Goat, spleen",,A. Sagolir Pliha; B. Pathar Pliha; G. Bakri ni Barol; H. Bakre ki Tilli; Kan. Aadina/Meke Pliha; Kh. ?. ; Kon. Bokdyaachem Pano?; Mal. Aattin Pliha; M. Hameng Pliha?; Mar. Bakrichi Panthari; N. Bakhrako Phiyo; O. Chheli Pliha; P. Bakre di Tilli; Tam. Aattu Manneral/Suvarotti; Tel. Meka Plihamu; U. Bakre ki Tilli.,Animal Meat,401,18.45,0,2.37,0,0,1.2,0.0524
O011,"Goat, kidneys",,A. Sagolir Kankalam; B. Pathar Brikko; G. Bakri na Gurda; H. Bakre ke Gurde; Kan. Aadina/Meke Mutrapinda; Kh. Blang Nier?; Kon. Bokdyaachem Mutpin; Mal. Aattin Vrikka; M. ?. ; Mar. Bakriche Gurde/Mutrapind; N. Bakhrako Mirgaula; O. Chheli Brikko; P. Bakre de Gurde; Tam. Aattu Siruneeragam; Tel. Meka Mutrapindalu; U. Bakre ke Gurde.,Animal Meat,374,15.6,0,2.93,0,0,1.143,0.184
O012,"Goat, tube (small intestine)",,B. Pathar Nari; H. Bakre ki Aant; Mal. Aattin Kudal; Mar. Bakrichi Aantadi; O. Chheli Anta; P. Bakre di Aant; Tam. Aattu Kudal; Tel. Meka Karulu; U. Bakre ki Aant.,Animal Meat,525,12.92,0,8.26,0,0,4.445,0.00746
O013,"Goat, testis",,B. Pathar Andakosh; H. Bakre ke Kapure; Mal. Aattin Andam; Mar. Bakriche Andkosh; O. Chheli Andakosha; P. Bakre de Kapure; Tam. Aattu Virai; Tel. Meka Vushanam; U. Bakre ke Kapure.,Animal Meat,298,12.32,0,2.39,0,0,1.215,0.09261
O014,"Sheep, shoulder",,A. Bherar Kandh; B. Bherar Kandh; G. Gheta no Khabho; H. Bhed ka Kandha/Dast; Kan. Kuri Bhujada Mamsa; Kh. Langbrot Tyrpeng; Kon. Sheracho Khand; Mal. Chemmariyattin Chumal Irachi; Mar. Mendhiche Khande; N. Bheda ko Kaandh; O. Mendha Kandha Mansa; P. Bhed da Modha; Tam. Semmari Aattu Tholpattai Kari; Tel. Gorre Bhujamu Mamsam; U. Bhed ka Kandha/Shana.,Animal Meat,840,18.24,0,14.31,0,0,6.916,0.04565
O015,"Sheep, chops",,B. Bherar Chaap; H. Bhed ki Champ; P. Bhed di Champ; U. Bhed ki Champ.,Animal Meat,496,18,0,5.15,0,0,2.773,0.04526
O016,"Sheep, leg",,A. Bherar Theng; B. Bherar Thyang; G. Gheta na Tang; H. Bhed ki Tangein; Kan. Kuri Kaalugalu; Kh. Langbrot Kjat; Kon. Sherachem Paayn; Mal. Chemmariyattin Kaalukal; Mar. Mendhiche Paay; N. Bheda ko Khutta; O. Mendha Goda; P. Bhed di Lattein; Tam. Semmari Aattu Kaalgal; Tel. Gorre Kaallu; U. Bhed ki Tangein.,Animal Meat,686,21.42,0,8.69,0,0,3.745,0.0493
O017,"Sheep, brain",,A. Bherar Mogoj; B. Bherar Magaj; G. Gheta nu Bheju; H. Bhed ka Bheja/Maghaz; Kan. Kuri Medulu; Kh. Langbrot Jynkhlieh; Kon. Sheracho Mendu; Mal. Chemmariyattin Thalacchoru; Mar. Mendhicha Mendu; N. Bheda ko Gidi; O. Mendha Mogoj; P. Bhed da Bheja; Tam. Semmari Aattu Moolai; Tel. Gorre Medadu; U. Bhed ka Maghaz.,Animal Meat,492,13.05,0,7.29,0,0,2.04,0.122
O018,"Sheep, tongue",,A. Bherar Jibha; B. Bherar Jibh; G. Gheta ni Jeebh; H. Bhed ki Zabaan/Jeebh; Kan. Kuri Naalige; Kh. Langbrot Thyndiat?; Kon. Sherachi Jeeb; Mal. Chemmariyattin Naavu; Mar. Mendhichi Jeebh; N. Bheda ko Jibro; O. Mendha Jibha; P. Bhed di Jeebh; Tam. Semmari Aattu Naakku; Tel. Gorre Naluka; U. Bhed ki Zabaan.,Animal Meat,783,16.61,0,13.53,0,0,5.576,0.185
O019,"Sheep, lungs",,A. Bherar Phopsa; B. Bherar Phusphus; G. Gheta na Fefsa; H. Bhed ke Phephde; Kan. Kuri Shwasakosha; Kh. Langbrot Tor?; Kon. Sherachem Kalsanchem?; Mal. Chemmariyattin Shwasakosham; Mar. Mendhiche Phupphus; N. Bheda ko Phokso; O. Mendha Phusphus; P. Bhed de Phephde; Tam. Semmari Aattu Nuraiyeeral; Tel. Gorre Oopirithitthulu; U. Bhed ke Phephde.,Animal Meat,363,16.12,0,2.41,0,0,1.138,0.109
O020,"Sheep, heart",,A. Bherar Hirdaya; B. Bherar Hritpinda; G. Gheta nu Haiyu/Dil; H. Bhed ka Dil; Kan. Kuri Hrudaya; Kh. Langbrot Klongsnam?; Kon. Sherachem Kalliz; Mal. Chemmariyattin Hrudayam; Mar. Mendhiche Kallij/Rudhaya; N. Bheda ko Mutu; O. Mendha Hritpinda; P. Bhed da Dil; Tam. Semmari Aattu Idhayam; Tel. Gorre Gunde; U. Bhed ka Dil.,Animal Meat,445,18.19,0,3.66,0,0,1.677,0.07262
O021,"Sheep, liver",,A. Bherar Kolija; B. Bherar Mete/Kolija; G. Gheta nu Kaleju; H. Bhed ki Kaleji; Kan. Kuri Yakrit; Kh. Langbrot Dohjem; Kon. Sherachem Kalliz; Mal. Chemmariyattin Karal; Mar. Mendhiche Kaleji; N. Bheda ko Kalejo; O. Mendha Kalija; P. Bhed di Kaleji; Tam. Semmari Aattu Eeral; Tel. Gorre Kaleyam; U. Bhed ki Kaleji.,Animal Meat,559,22.26,0,4.87,0,0,1.822,0.05582
O022,"Sheep, tripe",,B. Bherar Bhuri/Butt; H. Bhed ki Ojri/Boti; Mal. Chemmariyattin Kudal; Mar. Mendhichi Vajri; O. Mendha Ojhri; P. Bhed di Ojri; Tam. Semmari Aattu Kudal; Tel. Gorre Pottikadupu; U. Bhed ki Ojri.,Animal Meat,435,16.76,0,4.05,0,0,1.962,0.01837
O023,"Sheep, spleen",,A. Bherar Pliha; B. Bherar Pliha; G. Gheta ni Barol; H. Bhed ki Tilli; Kan. Kuri Pliha; Kh. ?. ; Kon. Sherachem Pano?; Mal. Chemmariyattin Pliha; Mar. Mendhichi Panthari; N. Bheda ko Phiyo; O. Mendha Pliha; P. Bhed di Tilli; Tam. Semmari Aattu Manneral/Suvarotti; Tel. Gorre Plihamu; U. Bhed ki Tilli.,Animal Meat,384,16.02,0,3.02,0,0,1.533,0.05058
O024,"Sheep, kidneys",,A. Bherar Kankalam; B. Bherar Brikko; G. Gheta na Gurda; H. Bhed ke Gurde; Kan. Kuri Mutrapinda; Kh. Langbrot Nier?; Kon. Sherachem Mutpin; Mal. Chemmariyattin Vrikka; Mar. Mendhiche Gurde/Mutrapind; N. Bheda ko Mirgaula; O. Mendha Brikko; P. Bhed de Gurde; Tam. Semmari Aattu Siruneeragam; Tel. Gorre Mutrapindalu; U. Bhed ke Gurde.,Animal Meat,384,16.22,0,2.92,0,0,1.127,0.163
O025,"Beef, shoulder",,B. Goru Kandh; H. Gaay ka Kandha/Dast; Kan. Dana Bhujada Mamsa; Kh. Masidab Tyrpeng; Kon. Gaayicho Khand; Mal. Pothirachi Chumal; Mar. Gaiche Khande; N. Gai ko Kaandh; O. Goru Kandha Mansa; P. Gaaye da Modha; Tam. Maattu Tholpattai Kari; Tel. Aavu Bhujamu Mamsam; U. Gaay ka Kandha/Shana.,Animal Meat,889,20.56,0,14.59,0,0,7.046,0.04559
O026,"Beef, chops",,B. Gorur Chaap; H. Gaay ki Champ; P. Gaaye di Champ; U. Gaay ki Champ.,Animal Meat,585,19.82,0,6.71,0,0,3.031,0.03247
O027,"Beef, round (leg)",,B. Gorur Ran; H. Gaay ki Raan; Kan. Dana Thode Mamsa; Kh. Masidab Lbong; Kon. Gaayichi Mandi; Mal. Pothirachi Thuda; Mar. Gaichi Mandi; N. Gai ko Tighra; O. Goru Ran Mansa; P. Gaaye di Raan; Tam. Maattu Thodai Kari; Tel. Aavu Thodala Mamsam; U. Gaay ki Raan.,Animal Meat,658,22.64,0,7.38,0,0,2.998,0.03896
O028,"Beef, brain",,B. Gorur Magaj; H. Gaay ka Bheja/Maghaz; Kan. Dana Medulu; Kh. Masidab Jynkhlieh; Kon. Gaayicho Mendu; Mal. Pothirachi Thalacchoru; Mar. Gaicha Mendu; N. Gai ko Gidi; O. Goru Mogoj; P. Gaaye da Bheja; Tam. Maattu Moolai; Tel. Aavu Medadu; U. Gaay ka Maghaz.,Animal Meat,523,10.55,0,9.28,0,0,2.49,0.127
O029,"Beef, tongue",,B. Gorur Jibh; H. Gaay ki Zabaan/Jeebh; Kan. Dana Naalige; Kh. Masidab Thyndiat?; Kon. Gaayichi Jeeb; Mal. Pothirachi Naavu; Mar. Gaichi Jeebh; N. Gai ko Jibro; O. Goru Jibha; P. Gaaye di Jeebh; Tam. Maattu Naakku; Tel. Aavu Naluka; U. Gaay ki Zabaan.,Animal Meat,731,15.63,0,12.57,0,0,6.287,0.08988
O030,"Beef, lungs",,B. Gorur Phusphus; H. Gaay ke Phephde; Kan. Dana Shwasakosha; Kh. Masidab Tor?; Kon. Gaayichem Kalsanchem?; Mal. Pothirachi Shwasakosham; Mar. Gaiche Phupphus; N. Gai ko Phokso; O. Goru Phusphus; P. Gaaye de Phephde; Tam. Maattu Nuraiyeeral; Tel. Aavu Oopirithitthulu; U. Gaay ke Phephde.,Animal Meat,351,15.66,0,2.28,0,0,1.198,0.109
O031,"Beef, heart",,B. Gorur Hritpinda; H. Gaay ka Dil; Kan. Dana Hrudaya; Kh. Masidab Klongsnam?; Kon. Gaayichem Kalliz; Mal. Pothirachi Hrudayam; Mar. Gaiche Kallij/Rudhaya; N. Gai ko Mutu; O. Goru Hritpinda; P. Gaaye da Dil; Tam. Maattu Idhayam; Tel. Aavu Gunde; U. Gaay ka Dil.,Animal Meat,433,17.68,0,3.57,0,0,1.479,0.07052
O032,"Beef, liver",,B. Gorur Mete/Kolija; H. Gaay ki Kaleji; Kan. Dana Yakrit; Kh. Masidab Dohjem; Kon. Gaayichem Kalliz; Mal. Pothirachi Karal; Mar. Gaiche Kaleji; N. Gai ko Kalejo; O. Goru Kalija; P. Gaaye di Kaleji; Tam. Maattu Eeral; Tel. Aavu Kaleyam; U. Gaay ki Kaleji.,Animal Meat,499,20.73,0,3.96,0,0,1.543,0.05014
O033,"Beef, tripe",,B. Gorur Bhuri/Butt; H. Gaay ki Ojri/Boti; Mal. Pothirachi Kudal; Mar. Gaichi Vajri; O. Goru Ojhri; P. Gaaye di Ojri; Tam. Maattu Kudal; Tel. Aavu Pottikadupu; U. Gaay ki Ojri.,Animal Meat,316,13.1,0,2.51,0,0,1.371,0.041
O034,"Beef, spleen",,B. Gorur Pliha; H. Gaay ki Tilli; Kan. Dana Pliha; Kh. ?. ; Kon. Gaayichem Pano?; Mal. Pothirachi Pliha; Mar. Gaichi Panthari; N. Gai ko Phiyo; O. Goru Pliha; P. Gaaye di Tilli; Tam. Maattu Manneral/Suvarotti; Tel. Aavu Plihamu; U. Gaay ki Tilli.,Animal Meat,378,17.42,0,2.22,0,0,1.16,0.05894
O035,"Beef, kidneys",,B. Gorur Brikko; H. Gaay ke Gurde; Kan. Dana Mutrapinda; Kh. Masidab Nier?; Kon. Gaayichem Mutpin; Mal. Pothirachi Vrikka; Mar. Gaiche Gurde/Mutrapind; N. Gai ko Mirgaula; O. Goru Brikko; P. Gaaye de Gurde; Tam. Maattu Siruneeragam; Tel. Aavu Mutrapindalu; U. Gaay ke Gurde.,Animal Meat,439,17.09,0,4.01,0,0,1.743,0.16
O036,"Calf, shoulder",,B. Bachhurer Kandh; H. Bachhde ka Kandha/Dast; Kan. Karu Bhujada Mamsa; Kh. ?. Tyrpeng; Kon. Padkulem Khand; Mal. Kuttyirachi Chumal; Mar. Vasrache Khande; N. Bachcha ko Kaandh; O. Bachhuri Kandha Mansa; P. Vachhe da Modha; Tam. Kannukutti Tholpattai Kari; Tel. Dooda Bhujamu Mamsam; U. Bachhde ka Kandha/Shana.,Animal Meat,633,20.98,0,7.47,0,0,3.51,0.077
O037,"Calf, chops",,B. Bachhurer Chaap; H. Bachhde ki Champ; P. Vachhe di Champ; U. Bachhde ki Champ.,Animal Meat,524,22.47,0,3.85,0,0,1.966,0.06494
O038,"Calf, round (leg)",,B. Bachhurer Ran; H. Bachhde ki Raan; Kan. Karu Thode Mamsa; Kh. ?. Lbong; Kon. Padkulem Mandi; Mal. Kuttyirachi Thuda; Mar. Vasrachi Mandi; N. Bachcha ko Tighra; O. Bachhuri Ran Mansa; P. Vachhe di Raan; Tam. Kannukutti Thodai Kari; Tel. Dooda Thodala Mamsam; U. Bachhde ki Raan.,Animal Meat,615,21.1,0,6.92,0,0,2.263,0.06704
O039,"Calf, brain",,B. Bachhurer Magaj; H. Bachhde ka Bheja/Maghaz; Kan. Karu Medulu; Kh. ?. Jynkhlieh; Kon. Padkulem Mendu; Mal. Kuttyirachi Thalacchoru; Mar. Vasracha Mendu; N. Bachcha ko Gidi; O. Bachhuri Mogoj; P. Vachhe da Bheja; Tam. Kannukutti Moolai; Tel. Dooda Medadu; U. Bachhde ka Maghaz.,Animal Meat,448,9.84,0,7.6,0,0,2.202,0.115
O040,"Calf, tongue",,B. Bachhurer Jibh; H. Bachhde ki Zabaan/Jeebh; Kan. Karu Naalige; Kh. ?. Thyndiat?; Kon. Padkulem Jeeb; Mal. Kuttyirachi Naavu; Mar. Vasrachi Jeebh; N. Bachcha ko Jibro; O. Bachhuri Jibha; P. Vachhe di Jeebh; Tam. Kannukutti Naakku; Tel. Dooda Naluka; U. Bachhde ki Zabaan.,Animal Meat,737,17.78,0,11.76,0,0,5.63,0.09164
O041,"Calf, heart",,B. Bachhurer Hritpinda; H. Bachhde ka Dil; Kan. Karu Hrudaya; Kh. ?. Klongsnam?; Kon. Padkulem Kalliz; Mal. Kuttyirachi Hrudayam; Mar. Vasrache Kallij/Rudhaya; N. Bachcha ko Mutu; O. Bachhuri Hritpinda; P. Vachhe da Dil; Tam. Kannukutti Idhayam; Tel. Dooda Gunde; U. Bachhde ka Dil.,Animal Meat,459,18.84,0,3.75,0,0,1.489,0.058
O042,"Calf, liver",,B. Bachhurer Mete/Kolija; H. Bachhde ki Kaleji; Kan. Karu Yakrit; Kh. ?. Dohjem; Kon. Padkulem Kalliz; Mal. Kuttyirachi Karal; Mar. Vasrache Kaleji; N. Bachcha ko Kalejo; O. Bachhuri Kalija; P. Vachhe di Kaleji; Tam. Kannukutti Eeral; Tel. Dooda Kaleyam; U. Bachhde ki Kaleji.,Animal Meat,503,21.02,0,3.95,0,0,1.616,0.05499
O043,"Calf, spleen",,B. Bachhurer Pliha; H. Bachhde ki Tilli; Kan. Karu Pliha; Kh. ?. ; Kon. Padkulem Pano?; Mal. Kuttyirachi Pliha; Mar. Vasrachi Panthari; N. Bachcha ko Phiyo; O. Bachhuri Pliha; P. Vachhe di Tilli; Tam. Kannukutti Manneral/Suvarotti; Tel. Dooda Plihamu; U. Bachhde ki Tilli.,Animal Meat,379,17.71,0,2.12,0,0,1.03,0.06787
O044,"Calf, kidneys",,B. Bachhurer Brikko; H. Bachhde ke Gurde; Kan. Karu Mutrapinda; Kh. ?. Nier?; Kon. Padkulem Mutpin; Mal. Kuttyirachi Vrikka; Mar. Vasrache Gurde/Mutrapind; N. Bachcha ko Mirgaula; O. Bachhuri Brikko; P. Vachhe de Gurde; Tam. Kannukutti Siruneeragam; Tel. Dooda Mutrapindalu; U. Bachhde ke Gurde.,Animal Meat,387,15.16,0,3.5,0,0,1.464,0.174
O045,"Mithun, shoulder",,A. Mithunor Kandh; B. Mithuner Kandh; H. Mithun ka Kandha; N. Mithun ko Kaandh. (Less common elsewhere).,Animal Meat,736,19.05,0,11.14,0,0,4.436,0.03294
O046,"Mithun, chops",,B. Mithuner Chaap; H. Mithun ki Champ; N. Mithun ko Champ.,Animal Meat,536,18.19,0,6.12,0,0,2.736,0.04217
O047,"Mithun, round (leg)",,A. Mithunor Theng/Ran; B. Mithuner Ran; H. Mithun ki Raan; N. Mithun ko Tighra.,Animal Meat,485,19.61,0,4.1,0,0,1.442,0.02842
O048,"Pork, shoulder",,A. Gahorir Kandh; B. Shukorer Kandh; G. Suar no Khabho; H. Suar ka Kandha; Kan. Handi Bhujada Mamsa; Kh. ?. Tyrpeng; Kon. Dukracho Khand; Mal. Panni Irachi Chumal; M. Ok Leikha?; Mar. Dukkarache Khande; N. Sungur ko Kaandh; O. Ghusuri Kandha Mansa; P. Suar da Modha; Tam. Panri Tholpattai Kari; Tel. Pandi Bhujamu Mamsam; U. Suar ka Kandha.,Animal Meat,993,17.41,0,18.83,0,0,6.887,0.05447
O049,"Pork, chops",,B. Shukorer Chaap; H. Suar ki Champ; N. Sungur ko Champ; P. Suar di Champ; U. Suar ki Champ.,Animal Meat,748,19.41,0,11.3,0,0,4.803,0.0437
O050,"Pork, ham",,H. Suar ki Raan; U. Suar ki Raan.,Animal Meat,1006,18.83,0,18.55,0,0,6.938,0.04044
O051,"Pork, lungs",,A. Gahorir Phopsa; B. Shukorer Phusphus; G. Suar na Fefsa; H. Suar ke Phephde; Kan. Handi Shwasakosha; Kh. ?. Tor?; Kon. Dukrachem Kalsanchem?; Mal. Panni Irachi Shwasakosham; M. Ok Thamoimon?; Mar. Dukkarache Phupphus; N. Sungur ko Phokso; O. Ghusuri Phusphus; P. Suar de Phephde; Tam. Panri Nuraiyeeral; Tel. Pandi Oopirithitthulu; U. Suar ke Phephde.,Animal Meat,358,15.13,0,2.74,0,0,1.247,0.06141
O052,"Pork, heart",,A. Gahorir Hirdaya; B. Shukorer Hritpinda; G. Suar nu Haiyu/Dil; H. Suar ka Dil; Kan. Handi Hrudaya; Kh. ?. Klongsnam?; Kon. Dukrachem Kalliz; Mal. Panni Irachi Hrudayam; M. Ok Thamoi; Mar. Dukkarache Kallij/Rudhaya; N. Sungur ko Mutu; O. Ghusuri Hritpinda; P. Suar da Dil; Tam. Panri Idhayam; Tel. Pandi Gunde; U. Suar ka Dil.,Animal Meat,457,16.31,0,4.87,0,0,1.575,0.07052
O053,"Pork, liver",,A. Gahorir Kolija; B. Shukorer Mete/Kolija; G. Suar nu Kaleju; H. Suar ki Kaleji; Kan. Handi Yakrit; Kh. ?. Dohjem; Kon. Dukrachem Kalliz; Mal. Panni Irachi Karal; M. Ok Thin; Mar. Dukkarache Kaleji; N. Sungur ko Kalejo; O. Ghusuri Kalija; P. Suar di Kaleji; Tam. Panri Eeral; Tel. Pandi Kaleyam; U. Suar ki Kaleji.,Animal Meat,484,19.89,0,3.94,0,0,1.325,0.06489
O054,"Pork, stomach",,A. Gahorir Pet; B. Shukorer Pet; G. Suar nu Pet; H. Suar ka Pet; Kan. Handi Hotte; Kh. ?. Kpoh; Kon. Dukrachem Pot; Mal. Panni Irachi Vayaru; M. Ok Puk; Mar. Dukkarache Pot; N. Sungur ko Pet; O. Ghusuri Peta; P. Suar da Pidh; Tam. Panri Vayiru; Tel. Pandi Potta; U. Suar ka Pet.,Animal Meat,550,15.36,0,7.81,0,0,3.327,0.109
O055,"Pork, spleen",,A. Gahorir Pliha; B. Shukorer Pliha; G. Suar ni Barol; H. Suar ki Tilli; Kan. Handi Pliha; Kh. ?. ; Kon. Dukrachem Pano?; Mal. Panni Irachi Pliha; M. Ok Pliha?; Mar. Dukkarachi Panthari; N. Sungur ko Phiyo; O. Ghusuri Pliha; P. Suar di Tilli; Tam. Panri Manneral; Tel. Pandi Plihamu; U. Suar ki Tilli.,Animal Meat,357,15.13,0,2.71,0,0,1.245,0.04914
O056,"Pork, kidneys",,A. Gahorir Kankalam; B. Shukorer Brikko; G. Suar na Gurda; H. Suar ke Gurde; Kan. Handi Mutrapinda; Kh. ?. Nier?; Kon. Dukrachem Mutpin; Mal. Panni Irachi Vrikka; M. ?. ; Mar. Dukkarache Gurde/Mutrapind; N. Sungur ko Mirgaula; O. Ghusuri Brikko; P. Suar de Gurde; Tam. Panri Siruneeragam; Tel. Pandi Mutrapindalu; U. Suar ke Gurde.,Animal Meat,379,14.35,0,3.65,0,0,1.169,0.138
O057,"Pork, tube (small intestine)",,B. Shukorer Nari; H. Suar ki Aant; Mal. Panni Irachi Kudal; Mar. Dukkarachi Aantadi; O. Ghusuri Anta; P. Suar di Aant; Tam. Panri Kudal; Tel. Pandi Karulu; U. Suar ki Aant.,Animal Meat,587,14.96,0,8.98,0,0,4.109,0.06017
O058,"Hare, shoulder",,H. Khargosh ka Kandha; P. Khargosh da Modha; Tam. Muyal Tholpattai; U. Khargosh ka Kandha. (Hare/Rabbit often use same term 'Khargosh'),Animal Meat,603,21.13,0,6.58,0,0,2.698,0.05503
O059,"Hare, chops",,H. Khargosh ki Champ; P. Khargosh di Champ; U. Khargosh ki Champ.,Animal Meat,445,20.62,0,2.55,0,0,1.028,0.04861
O060,"Hare, leg",,H. Khargosh ki Tang; P. Khargosh di Latt; Tam. Muyal Kaal; U. Khargosh ki Tang.,Animal Meat,503,20.52,0,4.16,0,0,0.91,0.04248
O061,"Rabbit, shoulder",,A. Xoha Posur Kandh; B. Shoshoker Kandh; G. Sasla no Khabho; H. Khargosh ka Kandha; Kan. Molada Bhujada Mamsa; Mal. Muyal Chumal; Mar. Sasa che Khande; N. Kharayo ko Kaandh; O. Thekua Kandha Mansa; P. Khargosh da Modha; Tam. Muyal Tholpattai Kari; Tel. Kundelu Bhujamu Mamsam; U. Khargosh ka Kandha.,Animal Meat,635,20.01,0,7.96,0,0,3.142,0.06138
O062,"Rabbit, chops",,B. Shoshoker Chaap; H. Khargosh ki Champ; P. Khargosh di Champ; U. Khargosh ki Champ.,Animal Meat,565,22.61,0,4.88,0,0,1.907,0.04784
O063,"Rabbit, leg",,A. Xoha Posur Theng; B. Shoshoker Thyang; G. Sasla na Tang; H. Khargosh ki Tang; Kan. Molada Kaalu; Mal. Muyal Kaal; Mar. Sasa che Paay; N. Kharayo ko Khutta; O. Thekua Goda; P. Khargosh di Latt; Tam. Muyal Kaal; Tel. Kundelu Kaallu; U. Khargosh ki Tang.,Animal Meat,584,21.31,0,5.99,0,0,1.575,0.04603
P001,Allathi,Elops machnata,"E. Tenpounder, Ladyfish, Indo pacific Tarpon; Mal. Valli poomeen, Vallipoomeen; Mar. Shonas, Dandeli, Chirya; O. Naum; Tam. Poomeen, Ullahti, Manna, Mooran Kendai; Tel. Jinnagow, Jallagu; [Place of collection: Chennai]",Marine Fish,406,21.77,0,0.98,0,0,0.346,0.03268
P002,Aluva,Parastromateus niger,"E. Black pomfret, Brown Pomfret, Pomfret; G. Halwa, Adadio; Kan. Thondrotte; Kon. Halwa; Mal. Karuvolli, Karauthakoli, Avoli, Vellavoli; Mar. Halwa; Tam. Vellaivaval, Vavval, Karuvaval; Tel. Nallachanduva, Chanduva, Thellachanduva; [Place of collection: Vizag, Goa and Mumbai]",Marine Fish,434,21.63,0,1.8,0,0,0.755,0.04486
P003,Anchovy,Stolephorus indicus,"E. Indian anchovy, Hardenberg`s anchovy; Mal. Conetholi; Mar. Dindus; Tam. Tamil Nethilli; Tel. Nattoo; [Place of collection: Chennai and Kochi]",Marine Fish,367,19.88,0,0.78,0,0,0.248,0.212
P004,Ari fish,Aprion virescens,"Mal. Kurali; Tam. Kila meen, Komu kila; E. Green jobfish; [Place of collection: Kochi]",Marine Fish,415,22.01,0,1.11,0,0,0.408,0.03735
P005,Betki,Lates calcarifer,"E. Barramundi, Asian sea bass, Cockup, Cock up, Giant Sea Perch, Giant Seaperch; B. Bhekti; G. Bekti, Gariyu; Kan. Keliji, Koliji; Mal. Narimeen, Nuddee meen, Nair meen, Nari meen; Mar. Khajura, Jiteda, Khajuri, Fitadar; O. Durruah, Bekkut; Tam. Painnee meen, Koduva, Keduwa; Tel. Pandu kopah, Dadhara, Pandu menu; [Place of collection: Kolkata]",Marine Fish,284,15.28,0,0.29,0,0,0.0864,0.06368
P006,Black snapper,Macolor niger,Mal. Kari Kuruval; Tam. Karutha Kuruval; E. Black snapper; [Place of collection: Kolkata],Marine Fish,377,19.5,0,1.24,0,0,0.47,0.04123
P007,Bombay duck,Harpadon nehereus,"E. Bummalo; B. Nehare, Lutia, Bamaloh; G. Bumla, Gulchi; Mar. Bunmalo, Bombil; O. Bombil; Tam. Vangaravasi; Tel. Cucah sawahri, Coco mottah; Common. Lizardfish; [Place of collection: Mumbai and Kolkata]",Marine Fish,287,13.53,0,1.03,0,0,0.398,0.223
P008,Bommuralu,Muraenesox cinerius,"Tam. Kotuna, Pambu meen; Tel. Kotla pama, Tolli pama; E. Daggertooth pike conger, Dagger tooth pike conger; Common. Eel; [Place of collection: Chennai, Goa and Vizag]",Marine Fish,485,22.3,0,2.87,0,0,1.238,0.06187
P009,Cat fish,Tachysurus thalassinus,"Mal. Valia Etta; Tam. Ven Etta; Tel. Thella Jella; E. Giant Catfish, Giant Sea Catfish; Common. Marine catfish; [Place of collection: Chennai]",Marine Fish,456,22.18,0,2.13,0,0,0.792,0.03582
P010,Chakla,Rachycentron canadum,"E. Cobia, Black kingfish, Black King Fish, Butterfish, Black salmon, Ling, Lemonfish, Crabeater, Prodigal son, Black bonito; G. Modasa; Mal. Neimeen; Mar. Muddus, Sakala, Sakla, Madusa; Tam. Cuddul verarl, Kadal viral; Tel. Peddah mottah; Common. Perciform marine fish; [Place of collection: Mumbai, Vizag, Goa, Mandapam and Chennai]",Marine Fish,406,20.21,0,1.68,0,0,0.654,0.05141
P011,Chappal,Aluterus monoceros,"Tam. Klathi, Thol Meen; Tel. Kommu Thoka; Mal. Clathi; Mar. Phutaki; E. Unicorn leatherjacket; Common. Filefish; [Place of collection: Goa]",Marine Fish,317,17.17,0,0.67,0,0,0.199,0.03812
P012,Chelu,Elagatis bipinnulata,"E. Rainbow runner, Rainbow yellowtail, Spanish jack, Hawaiian salmon; Mal. Poomeen, Chameen; Tam. Kulkul; Common. Pelagic marine fish; [Place of collection: Vizag and Chennai]",Marine Fish,366,20.02,0,0.7,0,0,0.229,0.0376
P013,Chembali,Lutjanus quinquelineatus,"Mal. Chemballi, Chembally; Tam. Vellakkara; Tel. Rangoo; E. Five lined snapper, Blue striped snapper, Fivelines Seaperch, Gold striped Sea-perch, Five line Snapper, Fivelined Snapper; Common. Snapper; [Place of collection: Kochi]",Marine Fish,406,20.06,0,1.77,0,0,0.7,0.03898
P014,Eri meen,Pristipomoides filamentosus,"Mal. Eri meen, Velameen; Tam. Eri meen, Nedunkala; E. Crimson jobfish, Crimson snapper, Opakapaka, Hawaiian pink snapper; Common. Snapper; [Place of collection: Kochi]",Marine Fish,454,22.3,0,2.02,0,0,0.739,0.04119
P015,Gobro,Epinephelus diacanthus,"E. Coral Cod, Six barred Reef Cod, Thornycheek Grouper, Spinycheek Grouper, Grouper, Six barred Reef cod, Seabass, Coral Trout; Kan. Guri; Kon. Gobri; Mal. Kalawa, Varayan Kalawa; Mar. Gobra, Hekaru; Tam. Kalava; Common. Serranid fish; [Place of collection: Mumbai and Goa]",Marine Fish,362,19.37,0,0.88,0,0,0.289,0.05268
P016,Guitar fish,Rhinobatus prahli,"Mal. Veenna Meen; Tam. Padangan; Tel. Sorra Padhangan; Mar. Lanjav; G. Papan; E. Guitarfish, Prahli Guitarfish; Common. Ray; [Place of collection: Chennai]",Marine Fish,400,22.56,0,0.44,0,0,0.114,0.07081
P017,Hilsa,Tenualosa ilisha,"E. Ilish, Hilsa, River Shad, Indian Shad, Hilsa Shad; A. Elish, Ilish; B. Ilishmach, Ilish, Hilsa, Ilisha, Hilsha; G. Chaski, Palla, Chaksi, Chakshi; H. Hilsa; Kan. Palasa, Paliya, Polasa, Palia, Mullasu; Mal. Paluva, Valava, Paliyah; Mar. Palva, Chaksi, Pala, Palla; O. Ilisha, Ilish, Jodi; Tam. Karuva ullam, Sevva, Dolum, Ullam, Oolum; Tel. Palasah, Polasa, Palasa, Palia; Common. Herring; [Place of collection: Kochi]",Marine Fish,1083,21.8,0,18.49,0,0,9.286,0.08088
P018,Jallal,Arius sp.,Tel. Jella; Tam. Kaeluthi; Mal. Etta; O. Kontia; B. Tengra; E. Arius; Common. Catfish; [Place of collection: Vizag],Marine Fish,420,21.55,0,1.46,0,0,0.519,0.07433
P019,Jathi vela meen,Lethrinus lentjan,"E. Pig face Bream, Silver Spotted Sea Bream, Bridled Pigface bream; Mal. Pullivelameen, Kadu; Tam. Valamin; Tel. Karua; Common. Emperor fish; [Place of collection: Mumbai and Mandapam]",Marine Fish,453,22.45,0,1.92,0,0,0.837,0.03053
P020,Kadal bral,Synodus indicus,"Mal. Kadal Varal, Kechi; Tam. Palli Meen, Ooli meen; Tel. Bathisaapa; Kan. Arna Manji; Mar. Chor Bombil; E. Indian lizardfish; Common. Lizardfish; [Place of collection: Kochi]",Marine Fish,368,18.72,0,1.34,0,0,0.478,0.05366
P021,Kadali,Nemipterus mesoprion,"Tam. Kadali, Kendai; Mal. Murumeen, Kerachoondan; Tel. Kadali, Goli; E. Redfilament Threadfin bream; [Place of collection: Chennai]",Marine Fish,530,22.07,0,4.2,0,0,1.611,0.03606
P022,Kalamaara,Leptomelanosoma indicum,"E. Indian threadfin, Monk Fish, Thread Fin, Row Ball, Bastard Mullets, Bamin, Threadfin, Indian Salmon, Giant Threadfin, Indian Threadfin; G. Dara, Darha, Dadha; Kan. Vahmeenu, Ramas; Mal. Thamuthi, Yeta, Wahmeen, Baameen, Norakudiyan, Bahmin; Mar. Dara, Darha, Chelna; Tam. Thiravalai, Vellaikala, Seenakalai, Tahlunkala, Panigala, Valanakala, Kala, Battihiravalai, Kondiangalai, Kattikalai; Tel. Podikimaga, Budathamaga, Boddumaga, Thellamaga, Sahala, Maga-booshee; Common. Coastal fish; [Place of collection: Goa and Vizag]",Marine Fish,523,20.89,0,4.54,0,0,2.107,0.02933
P023,Kalava,Epinephelus coioides,"Mal. Kalava, Panni Kalava; Tam. Kalavan, Pulli Kalava; Tel. Bontha; Mar. Hekaru, Gobra; Kan. Gopra; E. Orange spotted grouper, Estuary cod; [Place of collection: Mandapam]",Marine Fish,374,19.38,0,1.2,0,0,0.455,0.04014
P024,Kanamayya,Lutjanus rivulatus,"E. Blubberlip snapper, Maori Snapper, Multi coloured Snapper; Mal. Kathupiriyan; Tam. Cuttu pirium; Common. Snapper; [Place of collection: Chennai and Vizag]",Marine Fish,367,20.19,0,0.65,0,0,0.209,0.05053
P025,Kannadi paarai,Alectis indicus,"Tam. Kannadi Paarai, Kattamparei; Mal. Kannadi Paarai, Vattapara; Tel. Badil; Mar. Kat Bangda; E. Diamond trevally, Indian threadfish, Indian threadfin, Mirror fish, Plumed trevally; Common. Coastal marine fish; [Place of collection: Mumbai, Chennai and Mandapam]",Marine Fish,423,22.09,0,1.27,0,0,0.479,0.05957
P026,Karimeen,Etroplus suratensis,"E. Green chromide, Pearlspot cichlid, Banded pearlspot, Striped chromide, Pearl Spot, Banded Etroplus; Kan. Elimeenu; Kash. Pitul; Kon. Kalunder; Mal. Karimeen, Erumeen, Irimeen; O. Cundahle; Tam. Seththa Kendai, Karassar, Sethakendai, Sethakandai, Palincha, Panishettai, Udupatti; Tel. Cashi mara, Cashimara, Duvvenachepa; Common. Cichlid fish; [Place of collection: Kochi]",Marine Fish,386,19.68,0,1.38,0,0,0.577,0.02372
P027,Karnagawala,Anchoa hepsetus,"Tel. Karna Gawala; Tam. Nethili, Poruva; Mal. Netholi, Kozhuva; Kan. Bolingei; E. Broad striped anchovy; [Place of collection: Vizag]",Marine Fish,363,19.52,0,0.84,0,0,0.255,0.06327
P028,Kayrai,Thunnus albacares,"E. Yellowfin tuna, Yellow Fin Tuna; G. Gedar, Gedara; Kon. Bokado; Mal. Poovan choora; Mar. Kuppa, Gedar, Bugudi, Pimp; Tam. Soccer; Common. Tuna; [Place of collection: Chennai]",Marine Fish,454,20.15,0,3,0,0,1.096,0.02512
P029,Kiriyan,Atule mate,"E. Yellowtail scad, Northern yellowtail scad, One finlet scad, Deep trevally, Omaka, Horse Mackerel; Kan. Gondlu; Mal. Para; Tam. Pulli Parai, Para, Warri parah, Vennai Parai, Semaparai, Parai, Thenga Parai, Komaraparai, Kilisai; Tel. Manjal Parai, Pulli Parai, Para; Common. Small inshore marine fish; [Place of collection: Kochi]",Marine Fish,556,22.49,0,4.7,0,0,2.102,0.03588
P030,Kite fish,Mobula kuhlii,Mal. Kozhi Thirandi; Tam. Kozhi Thirukkai; Tel. Tekku Madava; E. Shortfin devil ray; Common. Ray; [Place of collection: Kochi],Marine Fish,413,23.07,0,0.56,0,0,0.169,0.05903
P031,Korka,Terapon jarbua,"E. Crescent grunter, Target Fish, Crescent Bass, Crescent Perch, Tiger Bass, Jarbua Terapon, Tiger perch, Squeaking Perch; B. Boorgooni, Jeerpye; G. Garangeta, Naida; Kan. Gore; Mal. Kotha, Marakkeri, Keeri, Kallakeedam; Mar. Naveri Hajam, Naveri; O. Gahnu, Galikooru; Tam. Mattakkeechan, Palin keetchan, Kovakeechan, Palinkeechan, Pootankeeli, Keeli, Keechan, Chavathinnikeeli; Tel. Baikeeli, Kilipothu, Ganam, Samudrakili; Common. Grunter; [Place of collection: Kochi]",Marine Fish,528,23.72,0,3.36,0,0,1.407,0.0433
P032,Kulam paarai,Carangoides fulvoguttatus,"Tam. Kulam Paarai, Pulli Paarai; Mal. Manja Paarai; Tel. Pulli Para; E. Yellowspotted trevally, Yellowspotted kingfish, Goldspotted trevally, Tarrum; Common. Large inshore marine fish; [Place of collection: Chennai]",Marine Fish,501,21.62,0,3.6,0,0,1.43,0.04917
P033,Maagaa,Polynemus plebeius,"Tel. Maga, Budatha Maga; Tam. Pozhakkala; O. Sahala; B. Tape Machh; Mar. Rawas; E. Striped threadfin; Common. Marine fish; [Place of collection: Vizag]",Marine Fish,366,20.11,0,0.67,0,0,0.201,0.05228
P034,Mackerel,Rastrelliger kanagurta,"E. Indian mackerel, Rake Gillat Mackerel; G. Bangada; Kan. Bangda, Bangadei, Bangada; Kon. Bangada; Mal. Ayila, Ayala, Ayla; Mar. Kaulagedar, Bangada, Kaula Gedar; O. Karan kita; Tam. Kanangeluthi, Kumala, Kumla, Augalai; Tel. Kannangadatha, Kanagurta, Kamangadachalu; Common. Mackerel; [Place of collection: Chennai, Mumbai and Goa]",Marine Fish,423,21.51,0,1.53,0,0,0.604,0.08301
P035,Manda clathi,Naso reticulatus,Tam. Manda Klathi; Mal. Manda Klathi; E. Reticulated unicornfish; [Place of collection: Mandapam],Marine Fish,398,21.27,0,1,0,0,0.337,0.0585
P036,Matha,Acanthurus mata,"E. Elongate surgeonfish, Blue lined surgeonfish; Mal. Pala; Common. Marine tropical fish; [Place of collection: Chennai and vizag]",Marine Fish,389,21.17,0,0.79,0,0,0.297,0.06258
P037,Milk fish,Chanos chanos,"E. Milkfish, Milk fish, White Mullet; Kan. Humeen, Hoomeenu, Hoo meenu; Mal. Poomeen; Tam. Pal kendai, Palmeen, Tulu candul, Thullu, Palai meen; Tel. Pallabontha, Polah bontah; [Place of collection: Mandapam]",Marine Fish,442,23.66,0,1.09,0,0,0.366,0.04298
P038,Moon fish,Mene maculata,"E. Moonfish; G. Vaniani; Kan. Hakkimeen; Mal. Ambattan parah; Tam. Ambutan parah, Amattikatti; Common. Perch fish; [Place of collection: Mumbai]",Marine Fish,526,20.74,0,4.69,0,0,2.929,0.06517
P039,Mullet,Mugil cephalus,"E. Flathead grey mullet, Flathead Greymullet; B. Ain; G. Bhomat, Boi, Gandhia; Kan. Mala; Mal. Tirutha, Thirutha, Tiruta; Mar. Boi, Mangan, Boita, Pilas, Bol, Pilsa, Sherto; Tam. Madavai, Kasmeen, Manla; Tel. Kathiparega, Kathi parenga; Common. Food fish; [Place of collection: Mumbai, Kochi and Chennai]",Marine Fish,393,20.23,0,1.32,0,0,0.495,0.06609
P040,Mural,Tylosurus crocodilus crocodilus,"E. Houndfish, Crocodile needlefish, Giant Longtom; Mal. Oola, Keran; Mar. Tol; Tam. Pahmum kolah; Tel. Wahlah kuddera; Common. Game fish; [Place of collection: Mandapam]",Marine Fish,345,19.04,0,0.58,0,0,0.349,0.11
P041,Myil meen,Istiophorus platypterus,"E. Indo Pacific sailfish, Peacock Fish, Sail Fish, Indian Sail Fish, Sailfish; G. Tadmachhi, Kunga; Mal. Ola meen, Olameen; Mar. Tadmasa; Common. Sailfish; [Place of collection: Chennai and Mandapam]",Marine Fish,410,22.89,0,0.56,0,0,0.15,0.06196
P042,Nalla bontha,Epinephelus sp,"G. Wekhali, Wekhanu, Wekhru; Kan. Gopra, Muni Meenu; Kon. Gobri; Mal. Kalawa; Mar. Gobra, Hekru, Hekaru; O. Bhala; Tam. Punni calawah, Kalava; Tel. Bontha, Kodi Punju, Bontoo; E. Giant Rock Cod, Malabar Rockcod, Brown-spotted Grouper, Estuary Rock cod, Malabar Grouper, Morgan`s Cod, Blackspot Cod, Malabar Reef Cod, Speckled Grouper., Blacksaddle Grouper, Malabar Cod, Speckled Grouper, Grouper, Greasy Grouper, Blackspotted Rockcod, Malabar Reefcod, Estuary Cod, Malabar Rock Cod; Common. Large serranid fish; [Place of collection: Vizag]",Marine Fish,364,19.82,0,0.72,0,0,0.238,0.05787
P043,Narba,Caranx sexfasciatus,"E. Bigeye trevally, Bigeye jack, Great trevally, Six banded trevally, Dusky jack, Dusk Jack, Tille Jack; G. Bangada, Kala Bangada; Kan. Gondlu; Mal. Maduthala, Varayan para, Kuluvel; Mar. Kala Bangada; Common. Large marine fish; [Place of collection: Vizag and Mumbai]",Marine Fish,432,21.95,0,1.6,0,0,0.603,0.04951
P044,Paarai,Caranx heberi,"Tam. Paarai, Karunkanni Paarai; Mal. Para; Tel. Para; E. Blacktip trevally, Blacktip kingfish, Yellowtail kingfish; Common. Large marine fish; [Place of collection: Chennnai]",Marine Fish,435,21.58,0,1.84,0,0,0.72,0.04522
P045,Padayappa,Canthidermis maculata,"Mal. Padayappa; Tam. Karuppu Klathi; E. Rough triggerfish, Spotted oceanic triggerfish; Common. Triggerfish; [Place of collection: Kochi]",Marine Fish,360,19.7,0,0.69,0,0,0.169,0.03387
P046,Pali kora,Panna microdon,Mal. Palli Kora; Tam. Palli Korai; E. Panna croaker; [Place of collection: Kochi],Marine Fish,394,19.25,0,1.81,0,0,0.761,0.05485
P047,Pambada,Lepturacanthus savala,"E. Savalai hairtail, Small head hairtail, Small Headed Hairtail, Small Headed Ribbon Fish, Small headed Ribbonfish, Silver Ribbon Fish, Hair Tail, Ribbon Fish; G. Patti; Kan. Pambole; Kon. Bale; Mal. Vellasavala, Thalayan, Vellathalayan, Karupputhalayan, Karuppusavala, Vellithalayan; Mar. Baia, Wagti, Bala; Tam. Chavalai, Karthigaivalai, Savalai, Mattachavalai, Olavalai; Tel. Nadippussavallu, Peddasavallu, Yellasavallu, Savala, Kothisavallu; Common. Snapper; [Place of collection: Chennai and Kochi]",Marine Fish,537,21.95,0,4.44,0,0,1.959,0.08265
P048,Pandukopa,Pseudosciaena manchurica,"Tel. Pandu Kopa; O. Borogo; B. Bhola; Mar. Doma; E. Larimichthys polyactis, Redlip croaker, Small yellow croaker, Little yellow croaker, Yellow corvina; Common. Croaker; [Place of collection: Vizag]",Marine Fish,360,19.73,0,0.65,0,0,0.195,0.04915
P049,Parava,Lactarius lactarius,"E. False trevally, Big jawed jumper, Big jawed jumber; G. Dhangari, Dangri, Chapla, Katli; Kan. Saundala, Adai minu; Mal. Adavu, Parava; Mar. Saundala, Pervi; Tam. Sudumbu, Suthumbu, Guthippu; Tel. Sudumbu, Sudumbala, Kuthuppu; [Place of collection: Kochi]",Marine Fish,467,21.5,0,2.74,0,0,1.184,0.08408
P050,Parcus,Psettodes erumei,"E. Indian halibut, Indian Turbot; G. Hario, Dataro; Kon. Box Lep; Mar. Zhipali, Bhakas; Tam. Erumei nakku; Tel. Noree nalaka; Common. Large primitive flatfish; [Place of collection: Mumbai]",Marine Fish,361,19.87,0,0.62,0,0,0.166,0.06438
P051,Parrot fish,Scarus ghobban,"E. Blue barred parrotfish, Blue trim parrotfish, Cream parrotfish, Globe headed parrotfish, Green blotched parrotfish, Yellow scale parrotfish, Bluechin parrotfish; Mal. Chandi; Common. Marine fish; [Place of collection: Mandapam]",Marine Fish,375,20.82,0,0.57,0,0,0.174,0.05179
P052,Perinkilichai,Pinjalo pinjalo,"E. Pinjalo Snapper; Tam. Mette mirrei, Polei oolavai; Common. Snapper; [Place of collection: Chennai]",Marine Fish,387,20.89,0,0.87,0,0,0.29,0.03416
P053,Phopat,Coryphaena hippurus,"E. Mahi mahi, Common dolphinfish, Common Dolphin Fish; B. Pomfret; G. Halwa, Adadio, Himra Machhi; Kan. Thondrotte; Mal. Affunose, Avoli, Karuvoli, Vellavoli; Mar. Abanoos, Halwa, Himra Masa; O. Baal; Tam. Karuvaval, Vavval, Vanna, Vellaivaval, Badahlan, Koppurai kula; Tel. Chanduva, Nallachanduva, Thellachanduva; Common. Surface dwelling ray finned fish; [Place of collection: Chennai, Kochi, Vizag and Mumbai]",Marine Fish,424,22.05,0,1.33,0,0,0.441,0.0362
P054,Piranha,Pygopristis sp.,E. Piranha; [Place of collection: Kochi],Marine Fish,549,20.46,0,5.43,0,0,1.973,0.03897
P055,"Pomfret, black",Parastromateus niger,"E. Black pomfret, Brown Pomfret; G. Halwa, Adadio; Kan. Thondrotte; Kon. Halwa; Mal. Vellavoli, Karuvolli, Avoli, Karauthakoli; Mar. Halwa; Tam. Vellaivaval, Vavval, Karuvaval; Tel. Nallachanduva, Chanduva, Thellachanduva; Common. Pomfret; [Place of collection: Kochi, Chennai, Mumbai, Mandapam, Vizag and Goa]",Marine Fish,515,18.91,0,4.83,0,0,2.229,0.06909
P056,"Pomfret, snub nose",Trachinotus blochii,"E. Snubnose Pampano; Mal. Peeyada; Mar. Ladagoo, Katattitaka; Tam. Kootili; Common. Coastal fish; [Place of collection: Mumbai]",Marine Fish,375,21.05,0,0.46,0,0,0.145,0.0361
P057,"Pomfret, white",Pampus argenteus,"E. Silver pomfret, White pomfret; B. Chandi, Pomfret; G. Vichuda; Kan. Thondrotte, Thondrette, Manji; Kon. Surangat; Mal. Vellavoli, Karuvolli, Avoli, Velutha-avoli; Mar. Saranga, Chandava, Paplet; O. Chandee, Ghia; Tam. Vella vavval, Karuvaval, Vavval, Vellaivaval; Tel. Thellachanduva, Nallachanduva, Chanduva; Common. Butterfish; [Place of collection: Mumbai and Goa]",Marine Fish,513,19.02,0,5.12,0,0,2.669,0.04609
P058,Pranel,Gerres sp.,"E. Whipfin silver biddy, Deepbody mojarra; Kan. Paiya; Mal. Pranjin; Mar. Charbat; Tam. Oodan; Common. Mojarras; [Place of collection: Kochi]",Marine Fish,405,19.69,0,1.89,0,0,0.827,0.05237
P059,Pulli paarai,Gnathanodon speciosus,"E. Golden trevally, Golden kingfish, Banded trevally, King trevally, Golden Toothless Trevally, Horse Mackerel; Kan. Gondlu; Mal. Para; Tam. Pilli parah, Pathi Parah, Para, Thenga Parai, Vennai Parai, Kilisai, Pathi parah, Komaraparai, Pulli Parai, Semaparai, Parai; Tel. Pulli Parai, Para, Poloosoo parah, Manjal Parai; Common. Large marine fish; [Place of collection: Chennai]",Marine Fish,399,20.06,0,1.55,0,0,0.593,0.05856
P060,Queen fish,Scomberoides commersonianus,"E. Doubledotted Queenfish, Talang Queenfish; G. Sag; Kan. Palaimeenu, Diana; Mal. Palameen; Mar. Dagol; Tam. Toal parah, Katta; Tel. Pasupara; Common. Coastal fish; [Place of collection: Chennai, Kochi and Goa]",Marine Fish,400,20.97,0,1.17,0,0,0.693,0.04893
P061,Raai fish,Lobotes surinamensis,"E. Atlantic tripletail, Brown Tripletail, Tripple Tail, Brown Tripletail; G. Katkola; Mal. Parrandee; Mar. Katkola; O. Chota Bekkut; Tam. Musalli; Common. Warm water marine fish; [Place of collection: Chennai and Vizag]",Marine Fish,430,21.61,0,1.69,0,0,0.654,0.04762
P062,Raai vanthu,Epinephelus chlorostigma,"E. Brown spotted reef cod, Souman, Brownspotted grouper, Brown spotted grouper, Brownspotted rockcod., Brown spotted reef cod; G. Vekharu, Vekhala; Kan. Guri; Kon. Gobri; Mal. Pulli Kalawa, Kalava; Mar. Hekru, Hekaru; Tam. Kalava; Common. Grouper fish; [Place of collection: Vizag]",Marine Fish,410,19.39,0,2.17,0,0,0.864,0.05083
P063,Rani,Pink perch,"Tam. Rani Meen, Sankara; Mal. Kilimeen, Chen Kili; Tel. Rani; Mar. Rani; Kan. Rani menu; G. Rani; E. Pink perch, Threadfin bream; Common. Freshwater gamefish; [Place of collection: Goa, Kochi, Chennai, Mumbai, Vizag and Mandapam]",Marine Fish,377,18.83,0,1.49,0,0,2.926,0.06317
P064,"Ray fish, bow head, spotted",Rhina ancylostoma,"E. Bowmouth guitarfish, Shark ray, Mud skate, Bowmouthed Guitarfish; Mar. Sakshi, Lanj; Tam. Mun ultava; Tel. Pottila sora, Nella dindi; Common. Ray; [Place of collection: Kochi]",Marine Fish,349,19.03,0,0.7,0,0,0.187,0.105
P065,Red snapper,Lutjanus argentimaculatus,"E. Mangrove red snapper, Mangrove jack, Creek red bream, Stuart evader, Dog bream, Purple sea perch, Purple seaperch, Red bass, Red bream, Red perch, Red reef bream, River roman, Rock barramundi, Yellow snapper, Silver spotted Grey Snapper, Gray Snapper, Malabar Red Snapper; G. Ratado; Kan. Chembali; Mal. Murumeen, Pahari, Chemballi; Mar. Tambusa; Tam. Paruthikanni, Patani-keeli, Karuvalai, Nethiprion, Paruthivala Meen, Chenganni, Vekkattai, Thokkal, Cheppili, Karva, Adallu, Vekkattai, Antaleyan; Tel. Rangu, Thundava., Rangoo, Thundava, Kaliviyya; Common. Snapper; [Place of collection: Vizag]",Marine Fish,437,22.79,0,1.34,0,0,0.485,0.05989
P066,"Red snapper, small",Priacanthus hamrur,"B. Alta-punti; G. Dorali, Ratado; Kan. Disco Meenu; Mal. Bullsai, Chemballi; Mar. Tambi; O. Alta-punti; Tam. Kakkasi, Paswa; Tel. Bochelu; E. Lunar-tailed bigeye, Goggle eye, Moontail bullseye, Red Bullseye, Lunar-tailed Bullseye, Red Big Eye, Crescent Tail Bigeye, Lunar Tailed Bigeye, Dusky-finned Bullseye, Spot-finned Bull`s Eye., Moontail Bullseye, Bigeye Snapper, Black-spot Big-eye, Lunar-tailed Glasseye, Duskyfin Bulleye, Goggle-eye; Common. Marine fish; [Place of collection: Goa]",Marine Fish,451,21.5,0,2.3,0,0,0.861,0.03897
P067,Sadaya,Platax orbicularis,"Tam. Sadaya, Thotti Meen; Mal. Nandan; E. Orbicular batfish, Circular batfish, Orbiculate batfish, Round batfish, Orbic batfish; Common. Aquarium fish; [Place of collection: Chennai]",Marine Fish,462,20.68,0,2.97,0,0,1.059,0.04941
P068,Salmon,Salmo salar,E. Atlantic salmon; Common. Ray-finned fish; [Place of collection: Goa],Marine Fish,721,20.97,0,9.86,0,0,4.305,0.02025
P069,Sangada,Nemipterus japonicus,"Mar. Bamni; Tam. Kendai, Puthuputtan Kendai; Tel. Goli; Mal. Kerachoondan; G. Bamni; E. Japanese threadfin bream; Common. Marine fish; [Place of collection: Chennai]",Marine Fish,443,20.26,0,2.67,0,0,1.128,0.07782
P070,Sankata parai,Caranx ignobilis,"E. Giant trevally, Lowly trevally, Barrier trevally, Giant kingfish, Ulua, Yellowfin Jack; Mal. Kuluvel; Tel. Jarradandree-parah; Common. Large marine fish; [Place of collection: Chennai]",Marine Fish,434,21.87,0,1.68,0,0,3.317,0.02233
P071,Sardine,Sardinella longiceps,"E. Indian oil sardine, Malabar Sardine; G. Tarali; Kan. Baige, Buthai, Boothai, Tarli-multhi; Mal. Nalla Mathi, Nallamathi; Mar. Haird, Kanat, Tarali, Tarli, Haid; Tam. Nonalai, Charlay, Paycharlay, Paichalai; Tel. Noona-kavallu; Common. Ray-finned fish; [Place of collection: Kolkata]",Marine Fish,637,17.91,0,8.99,0,0,1.25,0.03849
P072,Shark,Carcharhinus sorrah,"E. Spot-tail shark, Sorrah shark; Kan. Shirat; Mar. Balda, Pisori; Tam. Katta-sorrah; Common. Requiem shark; [Place of collection: Goa and Mandapam]",Marine Fish,398,21.6,0,0.83,0,0,0.275,0.06363
P073,"Shark, hammer head",Sphyrna mokarran,"Tam. Sura, Komban Sura; Mal. Sravu, Chenkannan Sravu; Tel. Sorrah, Koma Sorrah; B. Haturi Hangar; O. Kochia Kammad; Mar. Kanar, Mushee; Kan. Sappa sorrah; E. Great hammerhead; Common. Hammerhead shark; [Place of collection: Kolkata]",Marine Fish,432,23.4,0,0.8,0,0,0.264,0.05355
P074,"Shark, spotted",Stegostoma fasciatum,"E. Zebra shark; G. Shinawala, Magara, Shinvala, Musia; Mal. Poochasurav, Zebra Sravu; Mal. Shinvala, Mushi, Shinavla; Tam. Komarasi-sorrah, Coruhgun-sorrah, Korangum Sorrah; Tel. Potrava, Komarasi, Orookoolti-sorrah, Pollee-makum, Komrasi, Pollee Makum, Corootoolti-sorrah; Common. Carpet shark; [Place of collection: Kochi]",Marine Fish,384,20.95,0,0.75,0,0,0.253,0.131
P075,Shelavu,Sphyraena jello,"E. Pickhandle barracuda, Banded Barracuda, Sea Pike; G. Bhungar; Kan. Kandai; Mal. Cheelahoo; Mar. Ghalse, Badvi, Jaban-tal, Badri; Tel. Jellow; [Place of collection: Chennai, Goa, Vizag and Kochi]",Marine Fish,446,22.46,0,1.74,0,0,0.677,0.03873
P076,Silan,Silonia silondia,"E. Silond catfish, Silondia Vacha, Silong Catfish; A. Dhain, Silan, Utti, Koch; B. Silond; Common. Schilbid catfish; [Place of collection: Kolkata]",Marine Fish,633,22.72,0,6.68,0,0,3.615,0.02939
P077,Silk fish,Beryx sp.,"Mal. Pattumeen; E. Alfonsino, Alfonsin, Longfinned beryx, Red bream, Imperador; Common. Deep oceanic fish; [Place of collection: Kochi]",Marine Fish,408,20.65,0,1.53,0,0,0.497,0.04157
P078,Silver carp,Hypophthalmichthys molitrix,"E. Silver carp; Kan. Belli-gende; Common. Freshwater cyprinid fish, Asian carp; [Place of collection: Kolkata]",Marine Fish,555,21.71,0,5.17,0,0,1.826,0.0196
P079,Sole fish,Cynoglossus arel,E. Largescale tongue-sole; Mar. Lep; Common. Tonguefish; [Place of collection: Vizag],Marine Fish,367,19.05,0,1.18,0,0,0.416,0.07457
P080,Stingray,Dasyatis pastinaca,"E. Common stingray, Blue Stingray; Mal. Thirukay; Common. Stingray; [Place of collection: Kolkata]",Marine Fish,408,23.98,0,0.68,0,0,0.289,0.06414
P081,Tarlava,Drepane punctata,"E. Spotted sicklefish, Moon-fish, Spotted Bat-fish, Spotted Drepane; G. Chand; Mar. Chand; Tam. Therattai, Painthi; Tel. Thotha, Thetti; [Place of collection: Chennai and Vizag]",Marine Fish,414,21.72,0,1.2,0,0,0.504,0.0674
P082,Tholam,Plectorhinchus schotaf,"E. Minstrel sweetlips, Grey Sweetlip; Mar. Harvil; Common. Gamefish; [Place of collection: Chennai and Mandapam]",Marine Fish,432,20.78,0,2.13,0,0,0.856,0.028
P083,Tilapia,Oreochromis niloticus,"E. Nile tilapia; A. Elapi, Japani kawoi; Tam. Tilapia; Common. Tilapia, Cichlid fish; [Place of collection: Kolkata]",Marine Fish,349,18.48,0,1.08,0,0,0.413,0.05255
P084,Tuna,Euthynnus affinis,"E. Mackerel tuna, Kawakawa, Little Tuna; G. Gedar; Kon. Bokado; Mal. Choora; Mar. Chuki, Bugudi, Ohaman, Gedar, Kuppa; Tam. Choori-min, Suraly; Common. Ray-finned bony fish; [Place of collection: Chennai, Vizag, Goa, Mandapam and Kochi]",Marine Fish,470,24.5,0,1.44,0,0,0.66,0.05289
P085,"Tuna, striped",Katsuwonus pelamis,"E. Skipjack tuna, Aku, Arctic bonito, Mushmouth, Oceanic bonito, Striped tuna, Victor fish, Oceanic Skipjack; G. Gedar; Kon. Bokado; Mal. Choora; Mar. Kuppa, Bugudi, Gedar; Common. Medium-sized perciform fish; [Place of collection: Kochi]",Marine Fish,403,21.28,0,1.12,0,0,0.424,0.0226
P086,Valava,Chirocentrus nudus,"E. Whitefin wolf-herring, Tenpounder; Tam. Kiru-wahlah; Tel. Wahlah; Common. Herring; [Place of collection: Vizag]",Marine Fish,410,21.8,0,1.06,0,0,0.403,0.09191
P087,Vanjaram,Scomberomorus commerson,"E. Narrow-barred Spanish mackerel, Barred Seer Fish, King Seer; G. Surmai, Chhapri; Kan. Thavar; Mal. Ayakora, Chumbum; Mar. Anjai, Anjari, Surmai, Towar; Tam. Ah-ku-lah, Mah-wu-leachi, Mavulasi, Seela, Mah-wu-laachi, Vanjiram, Velra, Konam; Tel. Vanjiramu, Konema, Varimeen, Yellari, Vellikannan, Ayaokaro; Common. Mackerel; [Place of collection: Chennai and Goa]",Marine Fish,570,22.28,0,5.18,0,0,2.229,0.03485
P088,Vela meen,Aprion virescens,"Mal. Vela meen, Kurali; Tam. Vela meen, Kila meen, Komu kila; E. Green jobfish; Common. Snapper; [Place of collection: Mandapam]",Marine Fish,537,22.16,0,4.34,0,0,1.857,0.03815
P089,Vora,Siganus javus,E. Streaked spinefoot; Mar. Kunar; Tam. Ottah; Tel. Warahwah; Common. Rabbitfish; [Place of collection: Chennai and Mandapam],Marine Fish,422,20.14,0,2.14,0,0,1.207,0.04366
P090,Whale shark,Galeocerdo cuvier,"E. Tiger shark; G. Bhoovar, Bhoavar, Pattari; Kan. Pullia, Pilithatte; Mal. Valiasurav, Vorimiyaru, Kalla-sravu, Kalvari, Pulli Sravu, Kellan, Kethalan, Valiyasurav; Mar. Waghbeer; Tam. Wulluven Sorrah; Tel. Kettalam Sorrah, Kethalam-sorrah, Kethulam, Kurangu-sorrah, Vulluvan-sorrah; Common. Requiem shark; [Place of collection: Mandapam]",Marine Fish,401,21.83,0,0.82,0,0,0.266,0.116
P091,Xiphinis,Xiphias gladius,"E. Swordfish, Broadbills, Sword Fish; G. Kunga, Tadmachhi; Mal. Kuthirameen; Mar. Tadmasa; Common. Billfish, Gamefish, Predatory fish; [Place of collection: Mandapam]",Marine Fish,370,19.82,0,0.88,0,0,0.363,0.06621
P092,"Eggs, cat fish",Ompok bimaculatus,A. Pabho koni; B. Pabda dim; H. Pabda ande; O. Pabdah anda; E. Butter catfish; Common. Sheatfish; [Place of collection: Kolkata],Marine Fish,600,24.68,0,5.28,0,0,1.818,0.05483
Q001,Crab,Menippe mercenaria,"A. Khekora; B. Kankra; G. Karachalo; H. Kekda; Kan. Edi, Nalli; Kon. Kulli; Mal. Njandu; Mar. Khekada, Chimbori; O. Kankada; P. Kekra; Tam. Nandu; Tel. Peetha, Endrakaya; U. Kekra; E. Florida stone crab; [Place of collection: Kolkata]",Marine Shellfish,343,10.23,0,1.41,0,0,0.214,0.244
Q002,"Crab, sea",Portunus sanguinolentus,"A. Khekora; B. Kankra; G. Karachalo; H. Kekda; Kan. Edi, Nalli; Kon. Kulli; Mal. Njandu; Mar. Khekada, Chimbori; O. Kankada; P. Kekra; Tam. Nandu; Tel. Peetha, Endrakaya; U. Kekra; E. Three-spot swimming crab, Blood-spotted swimming crab, Red-spotted swimming crab; Common. Large crab; [Place of collection: Chennai]",Marine Shellfish,283,15.36,0,0.6,0,0,0.129,0.313
Q003,"Lobster, brown",Thenus orientalis,"B. Koral chingri; H. Chappal jhinga; Kan. Kalla sigadi; Mal. Adipan chemmeen; Mar. Phati; Tam. Matta singi eral, Kal eral; Tel. Edu royya; E. Flathead lobster, Bay lobster, Moreton Bay bug; Common. Slipper lobster; [Place of collection: Chennai]",Marine Shellfish,292,15.96,0,0.56,0,0,0.106,0.14
Q004,"Lobster, king size",Thenus orientalis,"B. Koral chingri; H. Chappal jhinga; Kan. Kalla sigadi; Mal. Adipan chemmeen; Mar. Phati; Tam. Matta singi eral, Kal eral; Tel. Edu royya; E. Flathead lobster, Bay lobster, Moreton Bay bug; Common. Slipper lobster; [Place of collection: Chennai, Vizag, Mumbai, Kochi, Mandapam and Goa]",Marine Shellfish,375,18.54,0,0.78,0,0,0.174,0.191
Q005,Mud crab,Scylla tranquebarica,"B. Chokha kankra; H. Chikad kekda; Kan. Kesaru edi; Mal. Cheli njandu; Mar. Chikhli chimbori; O. Kado kankada; Tam. Seru nandu, Mandu nandu; Tel. Buradha peetha; E. Mangrove crab, Mud crab; [Place of collection: Goa]",Marine Shellfish,190,10,0,0.55,0,0,0.09511,0.305
Q006,Oyster,Crassostrea sp.,"E. Indian backwater oyster; Mal. Muringa, Muru; Tam. Kalungu, Ali, Patti; [Place of collection: Goa]",Marine Shellfish,252,9.51,0,2.44,0,0,1.087,0.04101
Q007,"Tiger prawns, brown",Solenocera crassicornis,A. Misa maas; B. Chingri; G. Jinga; H. Jhinga; Kan. Sigadi; Kon. Sungat; Mal. Chemmeen; Mar. Kolambi; O. Chingudi; P. Jhinga; Tam. Iraal; Tel. Royya; U. Jhinga; Common. Marine crustacean; [Place of collection: Chennai],Marine Shellfish,273,14.85,0,0.56,0,0,0.121,0.188
Q008,"Tiger Prawns, orange",Penaeus monodon,"A. Misa maas; B. Bagda chingri; G. Tiger jinga; H. Bagda jhinga; Kan. Hebbagani sigadi; Kon. Wagho sungat; Mal. Kara chemmeen, Naran chemmeen; Mar. Bagda kolambi; O. Bagda chingudi; P. Tiger jhinga; Tam. Vari iraal; Tel. Puli royya; U. Tiger jhinga; E. Giant tiger prawn, Asian tiger shrimp; Common. Marine crustacean; [Place of collection: Kochi]",Marine Shellfish,270,14.25,0,0.74,0,0,0.177,0.06105
R001,"Clam, green shell",Perna viridis,"E. Asian green mussel, Green-lipped mussel; Mal. Kallumalkai, Kadukka; Common. Mussel, Bivalve; [Place of collection: Goa]",Marine Mollusks,243,12.14,0,0.98,0,0,0.285,0.322
R002,"Clam, white shell, ribbed",Meretrix meretrix,"B. Jhinuk; G. Kalav; H. Sippi; Kan. Maruvai, Tisare; Kon. Tisareo, Shinanyeo; Mal. Kakka; Mar. Tisari, Shivlya; O. Samuka; Tam. Matti, Vari matti; Tel. Alu chippa, Gulla; E. Asiatic Hard Clam; [Place of collection: Goa]",Marine Mollusks,250,11.82,0,1.34,0,0,0.441,0.404
R003,Octopus,Octopus vulgaris,"B. Octopus; G. Octopus; H. Ashtabahu; Kan. Ashtabhuja, Ane bondaas; Kon. Octopus; Mal. Neerali; Mar. Ashtapad; O. Octopus; P. Octopus; Tam. Kanavai, Aktopas; Tel. Ashtabuji; U. Ashtpa; E. Common octopus; [Place of collection: Mumbai]",Marine Mollusks,334,14.71,0,1.12,0,0,0.325,0.23
R004,"Squid, black",Loligo sp.,B. Kali squid; H. Kala squid; Kan. Kappu bondaas; Mal. Karutha koonthal; Mar. Kali maakli; Tam. Karuppu kanavai; Tel. Nalla squid; [Place of collection: Kolkata],Marine Mollusks,335,16.1,0,1.07,0,0,0.287,0.179
R005,"Squid, hard shell",Sepia pharaonis,"B. Cuttlefish, Katol mas; H. Samudra pheni; Kan. Kallu bondaas; Mal. Kanava; Mar. Maakli, Goti maakli; Tam. Kanavai, Ottu kanavai; Tel. Cuttlefish, Samudra peni; E. Pharaoh cuttlefish; Common. Large cuttlefish; [Place of collection: Goa]",Marine Mollusks,320,16.82,0,0.93,0,0,0.227,0.09914
R006,"Squid, red",Loligo duvauceli,B. Lal squid; H. Lal squid; Kan. Kempu bondaas; Mal. Chuvanna koonthal; Mar. Lal maakli; Tam. Sivappu kanavai; Tel. Erra squid; [Place of collection: Chennai and Goa],Marine Mollusks,329,16.25,0,1.44,0,0,0.448,0.121
R007,"Squid, white, small",Uroteuthis duvauceli,"B. Shada squid; H. Safed squid; Kan. Bili bondaas; Mal. Vella koonthal; Mar. Safed maakli, Choti maakli; Tam. Vellai kanavai, Porsi kanavai; Tel. Tella squid; E. Indian Ocean Squid, Indian Squid; [Place of collection: Mumbai]",Marine Mollusks,353,17.41,0,1.15,0,0,0.304,0.154
S001,Cat fish,Tandanus tandanus,"A. Kanduli mas, Singora mas; B. Tengra, Singi; G. Khago; H. Singee, Singhara; Kan. Thogari meenu; Mal. Muzhi, Etta; Mar. Shingata, Shingala; N. Singhai; O. Tengra, Singi; P. Sanghra; Tam. Keluthi, Theli; Tel. Marpu, Jella; U. Singee; E. Eel-tailed catfish, Dewfish, Freshwater catfish, Jewfish, Tandan; Common. Catfish; [Place of collection: Kolkata]",Fresh Water Fish and Shellfish,518,15.86,0,6.24,0,0,2.182,0.02829
S002,Catla,Catla catla,"E. Major carp; A. Baudhekra, Bhakua, Baudhekera; B. Katla, Pla Kra Ho; G. Tambra, Thambra, Bawas; H. Catla, Bhakur, Boassa, Katla, Chepti; Kan. Catla; Mal. Karakatla, Catla; Mar. Tambra, Pla Kra Ho, Catla, Katala; O. Bhakur, Bahkur, Barkur; P. Theil, Theila, Thaila; Tam. Meen, Yamaneri Kendai, Theppu Meenu, Japan Kendai, Japankendai, Thoppa, Thoppa-meen, Theppu-meenu, Thoppu Meen, Koora Kendai, Koora-kendai, Kanavi, Thoppameenu; Tel. Botcha, Botchee, Bocha, Bacha, Krishnabotcha; Common. Asian freshwater fish; [Place of collection: Kolkata]",Fresh Water Fish and Shellfish,394,17.94,0,2.15,0,0,1.67,0.03656
S003,Fresh water Eel,Anguilla anguilla,"A. Kushia; B. Baan maach, Baam; H. Baam machli; Kan. Havu meenu; Mal. Mananjil, Mlanjil; Mar. Vaam, Ahir; O. Baamo; P. Baam; Tam. Vilangu meen; Tel. Malugu chepa, Bhamu; U. Baam machli; E. European eel; Common. Eel, Catadromous fish; [Place of collection: Kolkata]",Fresh Water Fish and Shellfish,451,20.41,0,2.63,0,0,0.981,0.08867
S004,Gold fish,Carassius auratus,"A. Xunali maas; B. Shona maach; G. Soneri machhli; H. Sunahri machli; Kan. Bangaru meenu, Chinna meenu; Mal. Swarna matsyam; Mar. Soneri masa; O. Suna machha; P. Sunahri machhi; Tam. Thanga meen; Tel. Bangaru chepa; U. Sunahri machli; E. Goldfish; Common. Freshwater fish, Aquarium fish; [Place of collection: Kolkata and Bangaluru]",Fresh Water Fish and Shellfish,396,16.91,0,2.94,0,0,1.077,0.02753
S005,Pangas,Pangasianodon hypophthalmus,B. Pangas; H. Pangas machli; E. Iridescent shark; Common. Shark catfish; [Place of collection: Kolkata],Fresh Water Fish and Shellfish,852,17.12,0,16.77,0,0,0.863,0.03742
S006,Rohu,Labeo rohita,"E. Rohu, Rui, Roho labeo; A. Rou, Rohiti, Rohitii, Row, Rau, Rui; B. Rahu, Rui, Ruee; H. Bhobhari, Rohu; Kan. Rohu; Mal. Rohitham, Rohu; M. Row; Mar. Rohu, Tambada Massa, Tambada Masa, Tambada-massa; O. Rohu, Ruhu, Rohi; P. Dumra, Tapra, Rohu, Dhambra; Tam. Kannadi Kendai, Kennadi Kendai; Tel. Bocha-gandumeenu; Common. Carp fish; [Place of collection: Kolkata]",Fresh Water Fish and Shellfish,428,19.71,0,2.39,0,0,2.047,0.03556
S007,Crab,Pachygrapsus sp.,"A. Khekora; B. Kankra; G. Karachalo; H. Kekda; Kan. Edi, Nalli; Kon. Kulli; Mal. Njandu; Mar. Khekada, Chimbori; O. Kankada; P. Kekra; Tam. Nandu; Tel. Peetha, Endrakaya; U. Kekra; Common. Small shore crab; [Place of collection: Kolkata]",Fresh Water Fish and Shellfish,327,13.23,0,0.89,0,0,0.214,0.28
S008,"Prawns, big",Macrobrachium rosenbergii,"A. Bor misa; B. Golda chingri; H. Bada jhinga; Kan. Dodda sigadi; Mal. Aattu konchu, Valiya chemmeen; Mar. Mothi kolambi; O. Galda chingudi; Tam. Aattu eral, Yera; Tel. Gudi royya; E. Giant freshwater prawn, Giant river prawn; Common. Palaemonid freshwater prawn, Shrimp; [Place of collection: Bengaluru]",Fresh Water Fish and Shellfish,380,19.24,0,0.52,0,0,0.08686,0.849
S009,"Prawns, small",Macrobrachium sp.,"A. Xoru misa; B. Kucho chingri; G. Nani jinga; H. Chhota jhinga; Kan. Chikka sigadi; Kon. Lhan sungat; Mal. Kunju konchu, Cheru chemmeen; Mar. Lahan kolambi; O. Chuna chingudi; P. Chhoti jhinga; Tam. Kutti eral, Kooni; Tel. Chinna royya; U. Chhota jhinga; Common. Shrimp; [Place of collection: Mumbai]",Fresh Water Fish and Shellfish,297,13.07,0,0.78,0,0,0.197,0.07771
S010,Tiger prawns,Macrobrachium sp.,"A. Misa maas; B. Chingri; G. Jinga; H. Jhinga; Kan. Sigadi; Kon. Sungat; Mal. Chemmeen, Konchu; Mar. Kolambi; O. Chingudi; P. Jhinga; Tam. Iraal; Tel. Royya; U. Jhinga; Common. Shrimp; [Place of collection: Kolkata]",Fresh Water Fish and Shellfish,284,14.24,0,0.66,0,0,0.134,0.08077
T001,Coconut oil,Cocos nucifera,A. Narikol tel; B. Narkel tel; G. Nariyel nu tel; H. Nariyal tel; Kan. Tenginakai enne; Kon. Narla tel; Mal. Velichenna; Mar. Khobrel tel; N. Nariwal ko tel; O. Nadia tela; P. Nariyal da tel; S. Narikela taila; Tam. Thengai ennai; Tel. Kobbari nune; U. Nariyal ka tel,Edible Oils and Fats,0,0,0,100,0,0,90.86,0
T002,Corn oil,Zea mays,A. Gom dhan tel; B. Bhuttar tel; G. Makai nu tel; H. Makai ka tel; Kan. Musukina jola enne; Mal. Cholam enna; Mar. Makyache tel; N. Makai ko tel; O. Maka tela; P. Makki da tel; Tam. Makkacholam ennai; Tel. Mokka jonna nune; U. Makai ka tel,Edible Oils and Fats,0,0,0,100.01,0,0,16.6,0
T003,Cotton seed oil,Gossypium spp.,"B. Karpaser tel; G. Kapasiya tel; H. Kapas ka tel, Binola tel; Kan. Hatthi beeja enne; Mar. Kapsache tel, Sarkiche tel; O. Kapa tela; P. Vareve da tel; Tam. Paruthi vidhai ennai; Tel. Prathi ginjala nune; U. Binola tel",Edible Oils and Fats,0,0,0,99.99,0,0,28.17,0
T004,Gingelly oil,Sesamum indicum,"A. Til tel; B. Til tel; G. Tal nu tel; H. Til ka tel; Kan. Ellenne; Kon. Tila tel; Mal. Nallenna, Ellenna; Mar. Tila che tel; N. Til ko tel; O. Rasi tela; P. Til da tel; S. Tila taila; Tam. Nallennai, Ellenai; Tel. Nuvvula nune; U. Til ka tel",Edible Oils and Fats,0,0,0,100,0,0,16.25,0
T005,Groundnut oil,Arachis hypogaea,"A. China badam tel; B. China badam tel; G. Sing tel, Magafali nu tel; H. Moongphali ka tel; Kan. Kadale kaayi enne, Shenga enne; Kon. Bhui mug tel; Mal. Kadala enna, Nilakkadala enna; Mar. Shengdana tel; N. Mungfali tel; O. China badama tela; P. Mungfali da tel; S. Bhuchanaka taila; Tam. Kadalai ennai; Tel. Verusenaga nune, Pallila nune; U. Moongphali ka tel",Edible Oils and Fats,0,0,0,100,0,0,18.94,0
T006,Mustard oil,Brassica spp.,"A. Horiyoh tel; B. Shorsher tel; G. Sarisav nu tel, Rai nu tel; H. Sarson ka tel; Kan. Sasive enne; Kash. Sarshaf tel; Kon. Sasvanche tel; Mal. Kadugu enna; Mar. Mohariche tel; N. Tori ko tel; O. Sorisa tela; P. Sarhon da tel; S. Sarshapa taila; Tam. Kadugu ennai; Tel. Aava nune; U. Sarson ka tel",Edible Oils and Fats,0,0,0,100,0,0,5.72,0
T007,Palm oil,Elaeis guineensis,B. Taaler tel; G. Taad nu tel; H. Taad ka tel; Kan. Taale enne; Mal. Pana enna; Mar. Taad tel; O. Tala tela; P. Taad da tel; Tam. Panai ennai; Tel. Taati nune; U. Taar ka tel,Edible Oils and Fats,0,0,0,100,0,0,44.98,0
T008,Rice bran oil,Oryza sativa,"B. Chaler kuro tel, Chaler kundo tel; G. Chokha na bhusa nu tel; H. Chawal ki bhusi ka tel; Kan. Akki tavadu enne; Mal. Ari thavidu enna; Mar. Tandul kondya che tel; O. Chaula chopa tela, Chaula kunda tela; P. Chaul de chilke da tel; Tam. Arisi thavidu ennai; Tel. Tavudu nune; U. Chawal ki bhusi ka tel",Edible Oils and Fats,0,0,0,100,0,0,23.76,0
T009,Safflower oil,Carthamus tinctorius,B. Kusum tel; G. Kusumbi tel; H. Kusum ka tel; Kan. Kusube enne; Mar. Kardai tel; O. Kusuma tela; P. Kusum da tel; Tel. Kusuma nune; U. Kusum ka tel,Edible Oils and Fats,0,0,0,100.01,0,0,9.19,0
T010,Safflower oil (blended),,,Edible Oils and Fats,0,0,0,100,0,0,19.53,0
T011,Soyabean oil,Glycine max,B. Soyabean tel; G. Soyabean tel; H. Soyabean tel; Kan. Soyabean enne; Mal. Soyabean enna; Mar. Soyabean tel; O. Soyabean tela; P. Soyabean tel; Tam. Soyabean ennai; Tel. Soyabean nune; U. Soyabean tel,Edible Oils and Fats,0,0,0,100,0,0,15.96,0
T012,Sunflower oil,Helianthus annuus,"B. Surjomukhi tel; G. Surajmukhi nu tel; H. Surajmukhi ka tel; Kan. Suryakanthi enne; Mal. Suryakanthi enna; Mar. Suryaphul tel; N. Suryamukhi tel; O. Surjyamukhi tela; P. Surajmukhi da tel; Tam. Suriyakanthi ennai; Tel. Poddu tirugudu nune, Suryakanthi nune; U. Surajmukhi ka tel",Edible Oils and Fats,0,0,0,100,0,0,11.39,0
T013,Ghee,,Kan. Tuppa; Kon. Touup; Mal. Neyy; Mar. Tup; O. Ghia; P. Ghyo; S. Ghrita; Tam. Nei; Tel. Neyyi,Edible Oils and Fats,0,0,0,100,0,0,71.02,0
T014,Vanaspati,,"B. Bonospoti, Dalda; H. Dalda; Kan. Dalda; Mal. Dalda; Mar. Dalda; O. Banaspati, Dalda; P. Banaspati, Dalda; Tam. Dalda; Tel. Dalda; U. Banaspati, Dalda",Edible Oils and Fats,0,0,0,100,0,0,61.44,0
